"Maximal price_to_earnings_limit: 10000000000.0, Maximal enterprise_value_to_revenue_limit: 10000000000.0, Minimal profit_margin_limit: 0.0001"
Symbol,Name,Sector,Country,sss_value,annualized_revenue,annualized_revenue_bonus,annualized_earnings,annualized_retained_earnings,annualized_retained_earnings_bonus,quarterized_revenue,quarterized_revenue_bonus,quarterized_earnings,quarterized_earnings_bonus,quarterized_retained_earnings,quarterized_retained_earnings_bonus,effective_earnings,effective_retained_earnings,effective_revenue,annualized_total_revenue,annualized_total_revenue_bonus,annualized_net_income,quarterized_total_revenue,quarterized_total_revenue_bonus,quarterized_net_income,quarterized_net_income_bonus,effective_net_income,effective_total_revenue,enterprise_value_to_revenue,evr_effective,trailing_price_to_earnings,forward_price_to_earnings,effective_price_to_earnings,trailing_12months_price_to_sales,pe_effective,enterprise_value_to_ebitda,effective_ev_to_ebitda,ebitda,quarterized_ebitd,annualized_ebitd,ebitd,profit_margin,annualized_profit_margin,annualized_profit_margin_boost,quarterized_profit_margin,quarterized_profit_margin_boost,effective_profit_margin,held_percent_institutions,held_percent_insiders,forward_eps,trailing_eps,previous_close,trailing_eps_percentage,price_to_book,shares_outstanding,net_income_to_common_shareholders,nitcsh_to_shares_outstanding,employees,enterprise_value,market_cap,nitcsh_to_num_employees,eqg,rqg,eqg_yoy,rqg_yoy,niqg_yoy,trqg_yoy,eqg_effective,eqg_factor_effective,rqg_effective,rqg_factor_effective,price_to_earnings_to_growth_ratio,effective_peg_ratio,annualized_cash_flow_from_operating_activities,annualized_cash_flow_from_operating_activities_bonus,quarterized_cash_flow_from_operating_activities,quarterized_cash_flow_from_operating_activities_bonus,annualized_ev_to_cfo_ratio,quarterized_ev_to_cfo_ratio,ev_to_cfo_ratio_effective,annualized_debt_to_equity,annualized_debt_to_equity_bonus,quarterized_debt_to_equity,quarterized_debt_to_equity_bonus,debt_to_equity_effective,debt_to_equity_effective_used,financial_currency,summary_currency,financial_currency_conversion_rate_mult_to_usd,summary_currency_conversion_rate_mult_to_usd,last_dividend_0,last_dividend_1,last_dividend_2,last_dividend_3,fifty_two_week_change,fifty_two_week_low,fifty_two_week_high,two_hundred_day_average,previous_close_percentage_from_200d_ma,previous_close_percentage_from_52w_low,previous_close_percentage_from_52w_high,dist_from_low_factor,eff_dist_from_low_factor,annualized_total_ratio,annualized_total_ratio_bonus,quarterized_total_ratio,quarterized_total_ratio_bonus,annualized_other_current_ratio,annualized_other_current_ratio_bonus,quarterized_other_current_ratio,quarterized_other_current_ratio_bonus,annualized_other_ratio,annualized_other_ratio_bonus,quarterized_other_ratio,quarterized_other_ratio_bonus,annualized_total_current_ratio,annualized_total_current_ratio_bonus,quarterized_total_current_ratio,quarterized_total_current_ratio_bonus,total_ratio_effective,other_current_ratio_effective,other_ratio_effective,total_current_ratio_effective,effective_current_ratio,annualized_total_assets,annualized_total_assets_bonus,quarterized_total_assets,quarterized_total_assets_bonus,effective_total_assets,annualized_total_stockholder_equity,annualized_total_stockholder_equity_bonus,quarterized_total_stockholder_equity,quarterized_total_stockholder_equity_bonus,effective_total_stockholder_equity,calculated_roa,calculated_roe,annualized_working_capital,quarterized_working_capital,effective_working_capital,annualized_total_liabilities,annualized_total_liabilities_bonus,quarterized_total_liabilities,quarterized_total_liabilities_bonus,effective_total_liabilities,altman_z_score_factor,skip_reason
SWX:ABBN,ABB LTD N,Industrials,Switzerland,429.4383629,26766933333.333332,1.0,3565533333.3333335,21426666666.666668,1.0,28560000000.0,1.0,456750000.0,0.25,83550000000.0,1.0,456750000.0,83550000000.0,28560000000.0,26766933333.333332,1.0,3565533333.3333335,28560000000.0,1.0,456750000.0,0.25,456750000.0,28560000000.0,2.6696371,2.6696371,40.64242,22.809523,38.4133079,2.3671525,38.4133079,17.4635139,17.5719716,4311554084.401842,4258000000.0,3027400000.0,4258000000.0,0.06397,1.6267192,10.0,0.0021341,0.025,0.5652744,0.58281,0.00041,1.47,0.825,33.39,0.024708,4.787948,1992999936,2055000064,1.0311089,105000,76230127018,73486619103,19571.429181,-0.856,0.068,1.3729628,-0.0204165,1.3729628,-0.0204165,-0.2987593,0.2201241,0.0458959,2.392332,0.97,0.97,1083033333.3333333,0.5,3492000000.0,1.0,70.3857625,21.8299333,21.8299333,1.8987658,1.0,1.8184609,1.0,1.8184609,1.3495032,USD,CHF,1.0,1.0869858,0.8,0.8,0.8,0.8,0.3906705,23.73,34.79,31.59385,5.6851254,40.7079646,-4.0241449,1.7468354,28.412665,1.557337,1.0,1.5644498,1.0,0.5067775,1.0,0.1411833,1.0,1.101074,2.0,0.5178661,1.0,1.2609285,1.0,0.5744578,0.5,1.5744498,0.1511833,0.5278661,0.5844578,1.0794538,43031733333.333336,1.0,39855733333.333336,1.0,39855733333.333336,14820466666.666666,1.0,14026866666.666666,1.0,14026866666.666666,0.1114601,0.1325625,4516666666.666667,2414000000.0,2414000000.0,27809800000.0,1.0,25478866666.666668,1.0,25478866666.666668,2.4107309,None
SWX:ADEN,ADECCO N,Industrials,Switzerland,17.2971641,24245742066.666668,1.0,288605680.0,3773813300.0,1.0,23590574000.0,1.0,623125900.0,1.0,14275350700.0,1.0,623125900.0,14275350700.0,23590574000.0,24245742066.666668,1.0,288605680.0,23590574000.0,1.0,623125900.0,1.0,623125900.0,23590574000.0,0.4021847,0.4021847,12.404956,9.898876,12.091696,0.3444009,12.091696,7.5208548,7.4757895,1129464413.354531,1143000000.0,924666666.6666666,1143000000.0,0.02641,8.41e-05,0.025,0.2609907,10.0,0.0968283,0.47879,0.04328,4.45,3.551,44.1,0.0805215,2.0231478,163092000,551000000,3.3784612,32952,8392738617,7809125819,16721.2915756,0.662,0.08,-0.4634442,-0.0983164,-0.4634442,-0.0983164,0.380639,6.4195944,0.0354209,2.1320438,-3.43,29154.5189504,864836926.6666666,1.0,688718100.0,1.0,9.7044175,12.1860288,12.1860288,1.88672,1.0,2.185995,1.0,2.185995,1.4795111,EUR,CHF,1.1309,1.0869858,2.5,2.5,2.5,2.5,-0.2476971,42.43,67.04,55.73135,-20.8703898,3.9358944,-34.2183771,0.1357172,0.1367172,1.5359636,1.0,1.4611369,1.0,5.3106162,2.0,35.5282051,8.0,2.2741081,1.0,1.9481725,1.0,1.2884048,1.0,1.5032653,1.0,1.4711369,35.5382051,1.9581725,1.5132653,1.4922011,11304928760.0,1.0,12184467386.666666,1.0,12184467386.666666,3933119413.3333335,1.0,3816033566.6666665,1.0,3816033566.6666665,0.151141,0.2632915,1284600000.0,2266266666.6666665,2266266666.6666665,7362159000.0,1.0,8357351000.0,1.0,8357351000.0,2.1601155,None
SWX:ALC,ALCON N,Healthcare,Switzerland,1e+50,7052933333.333333,1.0,-471333333.3333333,910333333.3333334,0.125,8082000000.0,1.0,332000000.0,1.0,227583333.3333333,1.0,332000000.0,227583333.3333333,8082000000.0,7052933333.333333,1.0,-471333333.3333333,8082000000.0,1.0,332000000.0,1.0,332000000.0,8082000000.0,5.4197112,5.4197112,124.62783,33.34199,113.2171,4.7281528,113.2171,22.7527868,22.478707,1972479085.8016434,2020000000.0,1447733333.3333333,2020000000.0,0.04108,-3.0403458,0.025,0.286589,10.0,-0.9032256,0.56193,0.00057,2.31,0.618,76.24,0.008106,1.9770515,490100000,332000000,0.6774128,23000,43798162811,41536914008,14434.7826087,-0.1951867,0.144,-0.1951867,-0.0296009,-0.1951867,-0.0296009,-0.1951867,0.2304813,0.1005998,3.4217466,1.2,1.2,458733333.3333333,0.5,1397000000.0,1.0,95.4763032,31.351584,31.351584,0.2013898,0.5,0.9109389,2.0,0.9109389,0.9554312,USD,CHF,1.0,1.0869858,0.1,0.1,0.19,0,0.3217753,55.52,80.52,69.5243,9.6595003,37.3198847,-5.3154496,1.6576,20.7433277,0.6324285,0.1666667,3.1957233,1.0,0.0122594,0.1666667,0.0530618,0.5,3.7421596,6.0,0.7962963,2.0,4.0634029,2.0,2.2798386,1.0,3.2057233,0.0630618,0.8062963,2.2898386,2.747781,27528800000.0,1.0,27716800000.0,1.0,27716800000.0,9869833333.333334,0.5,28564800000.0,1.5,28564800000.0,0.1119783,0.1116227,2273133333.3333335,2888466666.6666665,2888466666.6666665,15578266666.666666,2.0,8673600000.0,1.0,8673600000.0,1.8805116,effective_profit_margin          <= 0   |
SWX:AMS,AMS,Technology,Austria,1e+50,11908643892.4,4.0,103407761.9533333,1001284007.5133334,1.0,5903298000.0,1.0,-529261200.0,0.25,3025157500.0,1.0,-529261200.0,3025157500.0,5903298000.0,11908643892.4,4.0,103407761.9533333,5903298000.0,1.0,-529261200.0,0.25,-529261200.0,5903298000.0,1.2609035,1.2609035,11234.1225239,13.072579,9831.4912808,0.8303029,9831.4912808,6.2403855,6.2211753,1061464834.6977878,1068000000.0,579685333.3333334,1068000000.0,-0.02241,0.0109298,0.35,-1.9419189,0.025,-0.650133,0.5591299,1.23e-05,1.24,-0.467,16.325,-0.0286064,1.4661722,260671008,-118000000,-0.4526779,29753,6583167788,4711193053,-3965.9866232,0.0679309,0.056,0.0679309,0.6313621,0.0679309,0.6313621,0.0679309,2.8563564,0.1998405,4.7203526,194.94,194.94,665516932.5666667,1.0,1055129700.0,1.0,9.8918111,6.2392024,6.2392024,4.1251058,2.0,4.5932297,2.0,4.5932297,2.1441822,EUR,CHF,1.1309,1.0869858,0.223032,0.202757,0.344687,0.223032,-0.1817043,15.215,24.82,17.749075,-8.0233759,7.2954321,-34.2264303,0.2311296,0.2321296,2.9901281,2.0,2.8561513,2.0,0.3695581,1.0,0.3075382,4.0,1.402179,2.0,0.3748514,1.0,2.2778256,2.0,1.0837289,1.0,2.8661513,0.3175382,0.3848514,1.0937289,1.9799401,16264812337.96,2.0,10857016966.666666,1.0,10857016966.666666,5259460043.466666,2.0,3315044866.6666665,1.0,3315044866.6666665,5.13e-05,1e-06,157403333.3333333,250800000.0,250800000.0,5539468093.913333,1.0,5068040391.111111,0.6666667,5068040391.111111,0.9209642,effective_profit_margin          <= 0   |
SWX:BAER,JULIUS BAER N,Financial Services,Switzerland,17.8571417,15126175543.631998,4.0,697033267.5359999,14600465731.32,2.0,4049348200.74,1.0,883610756.8199999,1.0,30741262806.959995,1.0,883610756.8199999,30741262806.959995,4049348200.74,15126175543.631998,4.0,697033267.5359999,4049348200.74,1.0,883610756.8199999,1.0,883610756.8199999,4049348200.74,-0.4989265,3.3320572,15.463479,15.463479,15.463479,3.3320572,15.463479,0,100000,0.0,176000000.0,162006666.6666667,176000000.0,0.21821,25.9510402,140.0,2.6708151,10.0,9.6143551,0.60803,0.00231,0,3.765,58.62,0.0642272,1.868481,213207008,812899968,3.8127263,6667,13492659776,13492659776,121928.8987551,0.234,0.077,0.1877679,0.0401809,0.1877679,0.0401809,0.222442,4.9663754,0.0677952,2.8537517,69.5169119,69.5169119,793463401.1399999,0.5,-1914181993.7999997,0.5,17.0047664,704878.6280355,704878.6280355,31.7039503,2.0,15.9223483,1.0,15.9223483,3.9912817,CHF,CHF,1.0869858,1.0869858,1.75,0.75,0.75,0.75,0.1719313,48.15,67.5,61.1286,-4.1038074,21.7445483,-13.1555556,1.0821705,1.6061062,1.0631894,1.0,1.0628839,1.0,3.6908538,1.0,1.0863191,1.0,117.2838917,1.0,82.6265689,1.0,0.4778674,1.0,0.4673845,1.0,1.0728839,1.0963191,82.6365689,0.4773845,0.7751342,114854615379.71999,1.0,122492473281.43198,1.0,122492473281.43198,13627888810.055998,2.0,7238194962.768,1.0,7238194962.768,0.1072136,0.2220761,-46033686666.666664,-45930040000.0,-45930040000.0,108030605486.18399,1.0,115245191117.37599,1.0,115245191117.37599,0.0011751,None
SWX:CFR,RICHEMONT N,Consumer Cyclical,Switzerland,925.5660596,15161222366.666666,1.0,1577907073.3333333,16257893793.333334,1.0,18742405700.0,1.0,2684756600.0,1.0,67471755800.0,1.0,2684756600.0,67471755800.0,18742405700.0,15161222366.666666,1.0,1577907073.3333333,18742405700.0,1.0,2684756600.0,1.0,2684756600.0,18742405700.0,5.0925285,5.0925285,31.747866,31.747866,31.747866,4.820357,31.747866,23.2169297,22.2240854,3975025545.5779767,4315000000.0,2787200000.0,4315000000.0,0.14325,0.9753104,10.0,1.4044844,10.0,0.8420149,0.42048,0.00551,0,4.331,136.3,0.0317755,4.2609234,513447008,2374000128,4.6236517,34760,84394725647,86836871148,68296.8966628,6.748,0.626,0.2182947,-0.0002173,0.2182947,-0.0002173,5.1155737,22.867634,0.4694457,7.1016106,6.2061204,6.2061204,3140886266.6666665,1.0,4606155700.0,1.0,26.8697172,18.3221609,18.3221609,1.7330353,2.0,1.0021525,1.0,1.0021525,1.0020757,EUR,CHF,1.1309,1.0869858,2.0,1.0,2.0,1.9,0.7170572,76.88,146.1,108.48725,25.6368836,77.289282,-6.7077344,1.7168448,25.6086267,4.379131,2.0,2.0023762,1.0,0.0718537,1.0,0.0764907,1.0,2.8260573,1.0,2.5930286,1.0,2.7228894,1.0,2.5253051,1.0,2.0123762,0.0864907,2.6030286,2.5353051,2.2738407,73349570853.33333,2.0,41237816140.0,1.0,41237816140.0,39094308280.0,2.0,20550262440.0,1.0,20550262440.0,0.1651042,0.2306434,12232200000.0,13404400000.0,13404400000.0,17010394653.333334,1.0,20596629340.0,1.0,20596629340.0,2.4460015,None
SWX:CSGN,CS GROUP N,Financial Services,Switzerland,46152.9135422,22836049877.879997,1.0,2760436671.9599996,67266594452.88,2.0,20265763255.199997,1.0,44566417.8,0.5,142699495824.0,1.0,44566417.8,142699495824.0,20265763255.199997,22836049877.879997,1.0,2760436671.9599996,20265763255.199997,1.0,44566417.8,0.5,44566417.8,20265763255.199997,-4.1109803,1.1152232,289.73337,6.6861544,254.352468,1.1146255,254.352468,0,100000,0.0,1365000000.0,1235533333.3333333,1365000000.0,0.0044,0.0032501,0.025,0.0099016,0.25,0.0068506,0.45156,0.00072,1.3,0.03,8.732,0.0034356,0.4672616,2392110080,74000000,0.030935,49950,22600849734,22600849734,1481.4814815,-0.205,0.079,0.2144299,-3.84e-05,0.2144299,-3.84e-05,-0.1001425,0.2399857,0.0592404,2.6839352,3.62,3.62,-15734336852.159998,0.5,12225329292.599998,0.5,69618.3419533,1.8486905,1.8486905,17.4773568,1.0,17.3325409,1.0,17.3325409,4.1642368,CHF,CHF,1.0869858,1.0869858,0.1,0.1388,0.1388,0.2776,-0.2265722,8.658,13.5,9.66545,-9.6575948,0.8547009,-35.3185185,0.0305659,0.0315659,1.0575235,1.0,1.0581081,1.0,0.5302733,1.0,0.8036149,0.5,0.1398828,0.5,0.0281888,0.5,1.7631269,1.0,4.7615055,1.0,1.0681081,0.8136149,0.0381888,4.7715055,2.9198068,864507126316.44,1.0,879945440702.3999,1.0,879945440702.3999,46793869101.35999,1.0,47983973620.92,1.0,47983973620.92,0.1000506,0.1009288,292122400000.0,593359400000.0,593359400000.0,817505063201.5199,1.0,831637400381.64,1.0,831637400381.64,0.2688873,None
SWX:GEBN,GEBERIT N,Industrials,Switzerland,267.8095606,3281950719.0839996,1.0,684641629.416,0,1.0,3708686851.0199995,1.0,860566657.8599999,1.0,0,1.0,860566657.8599999,0,3708686851.0199995,3281950719.0839996,1.0,684641629.416,3708686851.0199995,1.0,860566657.8599999,1.0,860566657.8599999,3708686851.0199995,8.2871797,8.2871797,32.86173,32.86173,32.86173,7.814222,32.86173,26.5996295,26.4886421,1071954498.876221,1080900000.0,892993333.3333334,1080900000.0,0.23204,21.270992,100.0,2.3324229,10.0,7.9461517,0.40856,0.00447,0,22.123,718.6,0.0307863,13.202099,35874300,791699968,22.0687224,11908,28275645507,28980501502,66484.7134699,0.023,0.076,0.0386211,-0.0092611,0.0386211,-0.0092611,0.0269053,1.8902824,0.0546847,2.5884763,1221.3865919,1221.3865919,1836484248.8159997,2.0,1151878852.26,1.0,15.3966175,24.5474126,24.5474126,0.4836535,0.5,1.8789942,2.0,1.8789942,1.3717641,CHF,CHF,1.0869858,1.0869858,11.4,11.3,10.8,10.4,0.3661597,521.6,780,688.519,4.3689426,37.7684049,-7.8717949,1.5247678,12.5667297,6.1035178,3.0,16.5158973,8.0,0.0349821,1.0,0.483945,2.0,0.3155414,1.0,2.8849319,8.0,1.8144887,1.0,0.2272285,0.125,16.5258973,0.493945,2.8949319,0.2372285,8.3815629,4033123126.0319996,1.0,6140165387.039999,1.5,6140165387.039999,2050779875.9999998,1.0,2114926531.3439996,1.0,2114926531.3439996,0.2401537,0.5069014,464046666.6666667,482233333.3333333,482233333.3333333,1982343250.0319998,1.0,1321871353.7599998,0.6666667,1321871353.7599998,3.7985092,None
SWX:GIVN,GIVAUDAN N,Basic Materials,Switzerland,494.2547301,26520424479.84,4.0,782484844.56,13074555065.279999,2.0,7037146069.199999,1.0,881545483.8,1.0,26431146712.8,1.0,881545483.8,26431146712.8,7037146069.199999,26520424479.84,4.0,782484844.56,7037146069.199999,1.0,881545483.8,1.0,881545483.8,7037146069.199999,8.1056531,8.1056531,54.722775,43.795288,53.3568391,6.810379,53.3568391,37.6151436,37.2775867,1420504886.8082647,1446000000.0,1280333333.3333333,1446000000.0,0.12527,16.3961073,140.0,1.3536588,10.0,5.9593454,0.34265,0.13996,109.03,87.258,4718,0.0184947,12.065515,9233590,811000000,87.8314935,16130,52473492970,47925630646,50278.983261,0.165,0.047,0.0388712,0.0593705,0.0388712,0.0593705,0.1334678,3.9033246,0.0500926,2.4881379,399.7730981,399.7730981,1181263701.72,1.0,1292426116.1999998,1.0,44.4214894,40.6007681,40.6007681,1.8565371,1.0,2.0912317,1.0,2.0912317,1.4471092,CHF,CHF,1.0869858,1.0869858,64.0,62.0,60.0,58.0,0.2954421,3401,4825,4239.755,11.280015,38.7239047,-2.2176166,1.8497191,40.0529666,0.5195957,0.3333333,1.4801999,1.0,0.0354147,0.5,0.0479891,1.0,0.3250544,1.0,0.5110277,1.0,3.7701861,2.0,1.5624009,1.0,1.4901999,0.0579891,0.5210277,1.5724009,1.5313004,22132625133.84,2.0,12179893286.16,1.0,12179893286.16,3872423145.3599997,1.0,3934453801.68,1.0,3934453801.68,0.1723771,0.3240579,1502866666.6666667,1254200000.0,1254200000.0,14349516942.959997,2.0,8229352094.639999,1.0,8229352094.639999,2.7601702,None
SWX:HOLN,HOLCIM N,Basic Materials,Switzerland,88.4151689,27100512568.44,1.0,1731133585.0799997,35990824495.2,2.0,27180079928.999996,1.0,2379411916.2,1.0,8997706123.8,1.0,2379411916.2,8997706123.8,27180079928.999996,27100512568.44,1.0,1731133585.0799997,27180079928.999996,1.0,2379411916.2,1.0,2379411916.2,27180079928.999996,1.8576587,1.8576587,12.657442,9.072874,12.209371,1.096458,12.209371,8.3056585,8.18218,5762655622.039,5934000000.0,5097000000.0,5934000000.0,0.08754,0.001822,0.025,0.75145,10.0,0.2812707,0.36928,0.13197,4.94,3.541,44.89,0.0788817,1.0210265,611712000,2171000064,3.5490559,67409,46439521748,29801816146,32206.3828866,1.418,0.174,0.1447058,-0.0819422,0.1447058,-0.0819422,1.0996765,10.736546,0.1100144,3.5668426,11.1026938,11.1026938,4729112887.2,1.0,5157747620.999999,1.0,9.8199224,9.0038376,9.0038376,1.9575525,2.0,1.0334928,1.0,1.0334928,1.0176085,CHF,CHF,1.0869858,1.0869858,2.0,2.0,2.0,2.0,-0.0523538,43.18,58.46,51.48455,-12.8087941,3.9601667,-23.212453,0.223822,0.224822,2.132193,1.0,2.0678074,1.0,0.5223019,2.0,0.0690345,1.0,0.325931,1.0,0.2611031,1.0,2.5678735,2.0,1.1885157,1.0,2.0778074,0.0790345,0.2711031,1.1985157,1.6381616,30511727638.859997,0.5,61934711706.71999,1.0,61934711706.71999,29310137302.679996,1.0,29003172512.76,1.0,29003172512.76,0.1384181,0.1820397,2459133333.3333335,1716800000.0,1716800000.0,14349372011.519999,0.5,29989503427.679996,1.0,29989503427.679996,0.3946981,None
SWX:KNIN,KUEHNE+NAGEL INT N,Industrials,Switzerland,0.0724648,22288571363.279995,1.0,853138921.56,6751051406.639999,2.0,89298057441.59999,3.0,3319654633.2,2.0,14710178831.399998,1.0,3319654633.2,14710178831.399998,89298057441.59999,22288571363.279995,1.0,853138921.56,89298057441.59999,3.0,3319654633.2,2.0,3319654633.2,89298057441.59999,1.3315576,1.3315576,22.158329,22.272366,22.1725836,1.2361627,22.1725836,16.0906508,15.1462037,2568483675.4711885,2870000000.0,1644666666.6666667,2870000000.0,0.05576,0.3844152,10.0,1510.4933177,25000.0,503.6454976,0.21288,0.57827,12.63,12.695,276.5,0.0459132,12.0301075,120338000,1527000064,12.6892591,71338,36476980013,36795641813,21405.1426168,1.094,0.703,0.0096254,0.0018622,0.0096254,0.0018622,0.8229064,9.3214186,0.5277155,7.5144032,1.09,1.09,1649754581.52,1.0,2257669506.6,1.0,22.1105493,16.1569175,16.1569175,2.9788064,1.0,1.6764804,0.5,1.6764804,1.2957897,CHF,CHF,1.0869858,1.0869858,4.5,4.0,4.0,6.0,0.3708478,194.65,364.6,299.7825,-7.766464,42.049833,-24.1634668,0.9632245,0.9642245,2.6831609,2.0,1.3026923,1.0,0.5377943,1.0,0.5377943,1.0,0.3673146,1.0,0.2393418,1.0,1.1010183,1.0,0.5567852,0.5,1.3126923,0.5477943,0.2493418,0.5667852,0.9397387,20481856032.239998,2.0,19656507714.3,1.5,19656507714.3,2570866348.44,1.0,3007109982.8399997,1.0,3007109982.8399997,0.2688832,1.2039352,522266666.6666667,741400000.0,741400000.0,7663539752.879999,1.0,15134755484.880001,1.5,15134755484.880001,2.7433228,None
SWX:LOGN,LOGITECH N,Technology,Switzerland,0.0901205,16550704800.0,4.0,673375733.3333334,4086577066.6666665,2.0,1940517333.3333333,0.3333333,467283500.0,0.5,10090293000.0,1.0,467283500.0,10090293000.0,1940517333.3333333,16550704800.0,4.0,673375733.3333334,1940517333.3333333,0.3333333,467283500.0,0.5,467283500.0,1940517333.3333333,2.143536,2.143536,15.053031,17.615925,15.3733928,2.1639237,15.3733928,10.182883,10.1828411,1225496932.9632792,1225507000.0,822265600.0,1225507000.0,0.16053,2373.6154146,14000.0,0.0001623,0.00125,791.2597023,0.6725,0.0067,4.27,4.997,75.08,0.0665557,5.5776362,167474000,934566976,5.5803705,9000,12478989342,13693188864,103840.7751111,-0.478,0.039,0.8789094,0.468665,0.8789094,0.468665,-0.1387726,0.2361227,0.1464162,4.0764375,-2.76,36231.884058,955048466.6666666,1.0,441135500.0,0.5,13.0663414,28.2883362,28.2883362,0.7400245,1.0,0.7231603,1.0,0.7231603,0.8513883,USD,CHF,1.0,1.0869858,0.874567,0.7941,0.729993,0.667796,-0.0769609,70.78,124.9,95.34685,-21.2559198,6.0751625,-39.8879103,0.1589061,0.1599061,2.3818536,1.0,2.3893685,1.0,0.1196539,0.3333333,0.3534853,1.0,0.7253965,0.5,0.3348303,0.25,3.833427,2.0,2.0525578,1.0,2.3993685,0.3634853,0.3448303,2.0625578,2.2309631,6451243333.333333,2.0,3928599066.6666665,1.0,3928599066.6666665,3660615866.6666665,2.0,2281118200.0,1.0,2281118200.0,0.2189441,0.3048484,1098912933.3333333,1500173333.3333333,1500173333.3333333,2790627466.6666665,2.0,1647480866.6666667,1.0,1647480866.6666667,3.2502818,None
SWX:LONN,LONZA N,Healthcare,Switzerland,17437.0700969,4965640997.28,1.0,822993182.0399998,9726493869.839998,2.0,2763117903.6,1.0,346748470.2,1.0,22489736201.999996,1.0,346748470.2,22489736201.999996,2763117903.6,4965640997.28,1.0,822993182.0399998,2763117903.6,1.0,346748470.2,1.0,346748470.2,2763117903.6,13.2612268,13.2612268,78.27366,78.27366,78.27366,11.518749,78.27366,42.6978892,45.9714962,1294495504.696927,1096000000.0,1399933333.3333333,1096000000.0,0.14791,1.8057824,10.0,0.1003934,1.0,0.6856953,0.52011,0.00081,0,9.523,725.2,0.0131315,7.6272144,74283104,550000000,7.4041063,14405,63747564710,60187087590,38181.1870878,-0.331,0.133,0.2125006,0.0032817,0.2125006,0.0032817,-0.1951248,0.2304875,0.1005704,3.421284,-401.1465608,249.2854477,1156045631.1599998,1.0,1193510408.3999999,1.0,55.1427755,53.4118213,53.4118213,1.1360297,1.0,1.0824114,1.0,1.0824114,1.04139,CHF,CHF,1.0869858,1.0869858,3.0,2.75,2.75,2.75,0.3223925,516.2,785.4,666.713,8.7724403,40.4881829,-7.6648841,1.5527489,14.01546,5.6729554,3.0,1.9332776,1.0,0.8620977,1.0,1.8869504,1.0,1.6470399,12.0,4.2476947,1.0,0.7052708,0.5,1.6043488,1.0,1.9432776,1.8969504,4.2576947,1.6143488,1.7788132,15396719062.679998,1.0,16320656992.679998,1.0,16320656992.679998,14357633103.599998,2.0,7800862292.279999,1.0,7800862292.279999,0.121246,0.14445,1194666666.6666667,1877600000.0,1877600000.0,8143407750.719999,1.0,8441314325.639999,1.0,8441314325.639999,2.6031375,None
SWX:NESN,NESTLE N,Consumer Defensive,Switzerland,107.8057846,95823595527.59999,1.0,12733531386.96,86930240040.59999,1.0,92724236683.2,1.0,13363403425.199999,1.0,318306399757.19995,1.0,13363403425.199999,318306399757.19995,92724236683.2,95823595527.59999,1.0,12733531386.96,92724236683.2,1.0,13363403425.199999,1.0,13363403425.199999,92724236683.2,4.9229587,4.9229587,28.757452,24.216217,28.1897976,4.0445666,28.1897976,24.9745857,24.6230427,17303860646.239555,17791000000.0,18430733333.333332,17791000000.0,0.14412,14.0453506,100.0,1.4271087,10.0,5.2065264,0.40078,0.00097,5.18,4.362,124.02,0.0351717,7.6919303,2750459904,12293999616,4.4697978,273000,419990647798,375029354388,45032.9656264,0.011,0.015,0.1121294,-0.0439825,0.1121294,-0.0439825,0.0362824,2.1547929,0.0002544,0.409488,776.9560076,776.9560076,16189638970.92,1.0,16153695973.8,1.0,25.9419403,25.9996628,25.9996628,1.549823,1.0,1.7503697,1.0,1.7503697,1.3240154,CHF,CHF,1.0869858,1.0869858,2.75,2.7,2.45,2.35,0.2330483,95,125.66,113.6535,9.1211445,30.5473684,-1.305109,1.8930202,46.0184005,0.5551002,0.3333333,1.5810622,1.0,0.5075511,1.0,0.1797106,1.0,0.2077721,1.0,0.2826683,1.0,0.8686581,1.0,0.814636,1.0,1.5910622,0.1897106,0.2926683,0.824636,1.2078491,138498223241.27997,1.0,137327177206.07999,1.0,137327177206.07999,27152253092.52,0.5,49627206287.64,1.0,49627206287.64,0.1973107,0.3692758,-5293266666.666667,-7180400000.0,-7180400000.0,83236227497.87999,1.0,86865383221.19998,1.0,86865383221.19998,2.6198687,None
SWX:NOVN,NOVARTIS N,Healthcare,Switzerland,25.0250195,194531733333.33334,4.0,9628600000.0,62425133333.333336,1.0,52385000000.0,1.0,9807000000.0,1.0,221042000000.0,1.0,9807000000.0,221042000000.0,52385000000.0,194531733333.33334,4.0,9628600000.0,52385000000.0,1.0,9807000000.0,1.0,9807000000.0,52385000000.0,4.0153255,4.0153255,18.778168,12.254902,17.9627598,3.2028587,17.9627598,10.3231041,10.5988496,19343380997.788776,18310000000.0,16497133333.333334,18310000000.0,0.18721,25.4985847,140.0,2.0047427,10.0,9.2311791,0.34049,0.03699,6.12,3.994,74.71,0.05346,2.955432,2237090048,9806999552,4.3838198,108000,210351436169,182376391732,90805.5514074,0.425,0.066,-0.1071595,0.0391817,-0.1071595,0.0391817,0.2919601,5.6533334,0.0592954,2.6850654,2.27,2.27,13657666666.666666,1.0,15192000000.0,1.0,15.4017111,13.8461977,13.8461977,2.3574658,2.0,2.4505257,2.0,2.4505257,1.5664155,USD,CHF,1.0,1.0869858,3.0,2.95,2.85,2.8,-0.072156,73.01,86.92,80.1888,-6.8323756,2.3284482,-14.0473999,0.2444285,0.2454285,0.625886,0.3333333,3.6477895,2.0,0.0285334,0.5,0.0814284,0.5,1.1766289,1.0,0.7465022,1.0,0.3325279,0.3333333,0.8408149,1.0,3.6577895,0.0914284,0.7565022,0.8508149,2.2543022,130277133333.33333,1.0,122753000000.0,1.0,122753000000.0,60405066666.666664,1.0,55198666666.666664,1.0,55198666666.666664,0.1798921,0.2776673,-360733333.3333333,-4775066666.666667,-4775066666.666667,69800933333.33333,1.0,44953022222.22222,0.6666667,44953022222.22222,2.4197724,None
SWX:PGHN,PARTNERS GROUP N,Financial Services,Switzerland,3828.4328703,1563382689.852,1.0,893422615.308,5668065714.384,2.0,2080925615.5199997,1.0,1218619780.3799999,1.0,11896189992.359999,1.0,1218619780.3799999,11896189992.359999,2080925615.5199997,1563382689.852,1.0,893422615.308,2080925615.5199997,1.0,1218619780.3799999,1.0,1218619780.3799999,2080925615.5199997,21.8603714,21.8603714,34.685013,34.685013,34.685013,20.203093,34.685013,34.825938,34.7279547,1208499730.3910856,1215300000.0,929333333.3333334,1215300000.0,0.58561,5.7045896,10.0,5.7105652,10.0,4.001255,0.38733,0.16831,0,42.367,1446.5,0.0292893,17.510307,26319700,1121100032,42.5954715,1511,41850310971,42041131832,741958.9887492,1.01,0.814,-0.0086553,-0.0001606,-0.0086553,-0.0001606,0.7553362,8.9410079,0.6104599,8.0631931,45.9199674,45.9199674,1045455695.8679999,1.0,548058240.3599999,1.0,40.0306882,76.3610651,76.3610651,0.3527472,0.5,0.7711483,1.0,0.7711483,0.8791505,CHF,CHF,1.0869858,1.0869858,27.5,25.5,22.0,19.0,0.4531846,970.6,1667,1448.555,-0.1418655,49.0315269,-13.2273545,1.3667433,6.5181091,2.4583887,1.0,2.2967686,1.0,0.6569033,1.0,0.2829436,1.0,8.7354888,6.0,1.3381342,1.0,4.3542649,1.0,4.6334242,1.0,2.3067686,0.2929436,1.3481342,4.6434242,3.4750964,8244526416.408,2.0,4277767396.7519994,1.0,4277767396.7519994,2408818505.376,1.0,2415238968.1679997,1.0,2415238968.1679997,0.3848728,0.6045545,1965146666.6666667,1918240000.0,1918240000.0,3426889405.6559997,2.0,1862528428.5839999,1.0,1862528428.5839999,4.4037919,None
SWX:ROG,ROCHE GS,Healthcare,Switzerland,8.6842048,66124099911.35999,1.0,14346835711.32,91277820911.99998,2.0,67499644208.399994,1.0,15238453930.199999,1.0,200564097901.19998,1.0,15238453930.199999,200564097901.19998,67499644208.399994,66124099911.35999,1.0,14346835711.32,67499644208.399994,1.0,15238453930.199999,1.0,15238453930.199999,67499644208.399994,5.6718919,5.6718919,22.860483,17.03211,22.1319364,5.3253603,22.1319364,15.0960588,15.037553,23513741861.751152,23696000000.0,24102400000.0,23696000000.0,0.22576,228.3475063,1000.0,2.3575598,10.0,76.977942,0.37773,1.23e-05,21.8,16.242,365.45,0.0444438,8.388117,694260992,14019000320,20.1926948,101465,352213449957,359459932169,138165.8731582,-0.034,0.058,0.146231,-0.0005065,0.146231,-0.0005065,0.0110578,1.3015589,0.0433734,2.3326273,2001.4843541,2001.4843541,21453476405.999996,1.0,21431012032.8,1.0,16.4175467,16.4347558,16.4347558,1.4176178,1.0,1.2379558,1.0,1.2379558,1.1136346,CHF,CHF,1.0869858,1.0869858,9.1,9.0,8.7,8.3,0.1865259,293.05,378.95,340.73224,7.2543062,24.7056816,-3.5624753,1.685681,22.9431153,10.7081651,6.0,1.8850964,1.0,0.0547893,1.0,0.1558424,1.0,4.2272953,6.0,0.9901537,1.0,0.6594287,0.5,1.2520323,1.0,1.8950964,0.1658424,1.0001537,1.2620323,1.5785644,181914754996.31998,2.0,95151693371.76,1.0,95151693371.76,72958631827.43999,2.0,40783055024.52,1.0,40783055024.52,0.2601491,0.4736467,7780133333.333333,6361800000.0,6361800000.0,51000431681.64,1.0,50475490005.95999,1.0,50475490005.95999,2.9713577,None
SWX:SCHP,SCHINDLER PS,Industrials,Switzerland,56.4532453,11749664306.519999,1.0,865095765.36,9724030035.359999,2.0,12184023832.199999,1.0,1821788200.7999997,2.0,15502591479.599998,1.5,1821788200.7999997,15502591479.599998,12184023832.199999,11749664306.519999,1.0,865095765.36,12184023832.199999,1.0,1821788200.7999997,2.0,1821788200.7999997,12184023832.199999,2.3891948,2.3891948,29.786448,28.522459,29.6284494,2.321595,29.6284494,19.3157377,28.9736065,693122492.2903771,0,1439533333.3333333,0,0.07699,0.7053673,10.0,7.9479609,100.0,2.9111061,0.41087,1.23e-05,8.46,8.101,240.4,0.033698,6.0951276,40696400,863000000,21.2058069,68252,26776344462,28286368857,12644.3181152,-0.004,0.019,-0.0969697,-0.0118719,-0.0969697,-0.0118719,-0.0272424,0.2472758,0.011282,1.3121692,4.87,4.87,2928774539.5199995,2.0,732193634.8799999,1.0,9.1425079,36.5700317,36.5700317,1.7575798,1.0,3.3748394,2.0,3.3748394,1.8380736,CHF,CHF,1.0869858,1.0869858,4.0,4.0,4.0,4.0,0.014346,231.8,306.6,270.643,-11.1744992,3.7100949,-21.5916504,0.2299465,0.2309465,1.5858818,1.0,3.2006026,2.0,0.0004092,0.1666667,0.6026591,1.0,2.2069245,6.0,1.8536005,1.0,1.3547384,1.0,2.7175998,2.0,3.2106026,0.6126591,1.8636005,2.7275998,2.9691012,22897138479.84,2.0,18839094392.699997,1.5,18839094392.699997,8212540047.599999,2.0,7000840743.479998,1.5,7000840743.479998,0.1967025,0.3602242,1843933333.3333333,2064800000.0,2064800000.0,14442707858.88,2.0,7849559256.119999,1.0,7849559256.119999,2.0527703,None
SWX:SCMN,SWISSCOM N,Communication Services,Switzerland,209.6952766,12297577615.439999,1.0,1706712637.4399998,23068592373.359997,2.0,4073298121.1999993,0.3333333,2060925076.7999997,1.0,50875283383.2,1.0,2060925076.7999997,50875283383.2,4073298121.1999993,12297577615.439999,1.0,1706712637.4399998,4073298121.1999993,0.3333333,2060925076.7999997,1.0,2060925076.7999997,4073298121.1999993,3.37183,3.37183,14.021091,17.40251,14.4437684,2.3647692,14.4437684,10.1513604,9.9718131,3871064824.927723,4008000000.0,3855466666.6666665,4008000000.0,0.16865,1.3898213,10.0,0.0861885,0.5,0.5492199,0.19428,0.50952,29.49,36.602,512.8,0.0713768,2.5227475,51801900,1896000000,36.6009741,19172,37906495804,28897230250,98894.2207386,0.137,0.001,-0.0253124,-0.0233414,-0.0253124,-0.0233414,0.0964219,3.3551877,-0.0050853,0.2494915,5.25,5.25,4348450460.039999,1.0,4288158980.9999995,1.0,8.7172422,8.8398065,8.8398065,1.6508006,1.0,2.7623904,2.0,2.7623904,1.663044,CHF,CHF,1.0869858,1.0869858,22.0,22.0,22.0,22.0,0.0823132,456.3,562.4,519.761,-1.3392694,12.3822047,-8.8193457,1.065033,1.4594135,9.6487618,6.0,3.4518732,2.0,0.0480269,0.1666667,0.2245276,1.0,0.4818934,2.0,0.221863,2.0,0.8476127,1.0,0.9169206,1.0,3.4618732,0.2345276,0.231863,0.9269206,2.1943969,51930963992.159996,2.0,26717531238.239998,1.0,26717531238.239998,19639659434.4,2.0,11228418382.56,1.0,11228418382.56,0.1771376,0.2835454,-693133333.3333334,-351000000.0,-351000000.0,16147174058.999998,1.0,10324384370.32,0.6666667,10324384370.32,2.2271171,None
SWX:SGSN,SGS N,Industrials,Switzerland,1011.9698698,6593873259.96,1.0,607769993.6399999,1504460812.9199998,0.5,6574090118.4,1.0,631538749.8,1.0,10915511403.599998,1.0,631538749.8,10915511403.599998,6574090118.4,6593873259.96,1.0,607769993.6399999,6574090118.4,1.0,631538749.8,1.0,631538749.8,6574090118.4,4.4925123,4.4925123,38.584793,38.584793,38.584793,3.7000036,38.584793,22.124509,21.4202911,1311509899.970522,1395000000.0,1250800000.0,1395000000.0,0.09606,0.8897819,10.0,0.9125046,10.0,0.6337822,0.36653,0.18977,0,77.388,2959,0.0261534,25.958447,7469240,581000000,77.7856917,92143,27169335083,24324156812,6305.4165807,0.591,0.168,-0.1432293,-0.0827172,-0.1432293,-0.0827172,0.4074427,6.6331236,0.1053207,3.495315,94.6999315,94.6999315,2495574465.3599997,2.0,1211989166.9999998,1.0,10.8870064,22.4171435,22.4171435,2.1105767,0.5,6.5398405,1.0,6.5398405,2.5583112,CHF,CHF,1.0869858,1.0869858,80.0,80.0,78.0,75.0,0.1272381,2595,3013,2810.08,5.2994933,14.026975,-1.7922337,1.7416268,27.9081202,0.4274356,0.3333333,1.169658,1.0,0.001685,0.1666667,0.0061491,1.0,1.1959197,1.0,1.2909662,1.0,0.4764689,0.3333333,1.2470141,1.0,1.179658,0.0161491,1.3009662,1.2570141,1.218336,14297631487.439999,2.0,7434113283.36,1.0,7434113283.36,717084532.26,0.5,979156808.6399999,1.0,979156808.6399999,0.1849515,0.7449822,850866666.6666666,555200000.0,555200000.0,11262332339.519999,2.0,6356258164.08,1.0,6356258164.08,2.4305998,None
SWX:SIKA,SIKA N,Basic Materials,Switzerland,753.6772978,8397030524.147999,1.0,841537159.7879999,4031231770.7399993,1.0,9711892027.259998,1.0,1117747498.1399999,1.0,13923853303.679998,1.0,1117747498.1399999,13923853303.679998,9711892027.259998,8397030524.147999,1.0,841537159.7879999,9711892027.259998,1.0,1117747498.1399999,1.0,1117747498.1399999,9711892027.259998,6.7436599,6.7436599,71.75704,71.75704,71.75704,5.941819,71.75704,36.4596777,38.7293739,1469510626.7366285,1286550000.0,1394360000.0,1286550000.0,0.11509,10.2007466,100.0,1.1261533,10.0,3.8149966,0.56486,0.05529,0,5.219,369.6,0.0141207,14.450532,141758000,1028300032,7.2539118,25000,60248569316,57706305082,41132.00128,-0.054,0.102,0.0927898,0.0440959,0.0927898,0.0440959,-0.0173025,0.2482697,0.087524,3.208445,-4147.1944942,24.1126863,2606258606.088,2.0,612733895.4599999,1.0,23.1168807,98.3274628,98.3274628,2.0646361,1.0,1.844878,1.0,1.844878,1.3592629,CHF,CHF,1.0869858,1.0869858,2.5,2.3,2.05,1.85,0.6146789,226.1,379.8,307.528,20.1841784,63.4674923,-2.685624,1.8672739,42.3885124,1.5363472,1.0,1.5428672,1.0,0.0510442,1.0,0.0850739,1.0,0.1091443,0.3333333,0.3158108,1.0,2.0254882,1.0,1.9430795,1.0,1.5528672,0.0950739,0.3258108,1.9530795,1.7529734,9909730689.432,1.0,11177195470.765713,1.0,11177195470.765713,3294211918.9079995,1.0,3962715432.48,1.0,3962715432.48,0.2000025,0.3820661,1758300000.0,1943214285.7142856,1943214285.7142856,6597300888.516,1.0,7243735484.674285,1.0,7243735484.674285,2.8346516,None
SWX:SLHN,SWISS LIFE HOLDING AG N,Financial Services,Switzerland,27.4899797,23853685983.84,1.0,1182857947.56,13777400083.56,1.0,22954966124.399998,1.0,1223946010.8,1.0,55588453811.99999,1.0,1223946010.8,55588453811.99999,22954966124.399998,23853685983.84,1.0,1182857947.56,22954966124.399998,1.0,1223946010.8,1.0,1223946010.8,22954966124.399998,-1.9511395,0.8012022,15.334229,15.334229,15.334229,0.8011643,15.334229,-22.0071145,5.9896453,541144904.087331,1918000000.0,1706066666.6666667,1918000000.0,0.05332,0.48777,10.0,0.5300787,10.0,0.3580562,0.30205,0.00442,0,35.724,544.2,0.065645,1.041142,30886800,1126000000,36.4557028,8623,18391569886,18391569886,130581.0042909,0.15,-0.048,-0.0304686,0.0105654,-0.0304686,0.0105654,0.1048828,3.488562,-0.0333586,0.2466641,146.2034104,146.2034104,1267715305.6799998,1.0,561971658.5999999,0.5,14.5076499,32.7268637,32.7268637,6.4548391,0.5,13.5244758,1.0,13.5244758,3.6785638,CHF,CHF,1.0869858,1.0869858,21.0,5.0,15.0,16.5,0.3286133,387.3,552,476.7795,14.1408135,40.5112316,-1.4130435,1.9052823,47.8361303,1.0778958,1.0,1.0744292,1.0,3.7181437,0.5,6.2080416,1.0,0.3293008,1.0,0.3330017,1.0,6.9203838,2.0,7.3679862,1.0,1.0844292,6.2180416,0.3430017,7.3779862,4.2312077,500222748999.36,2.0,260563105295.27997,1.0,260563105295.27997,17980846637.879997,1.0,17940918026.159996,1.0,17940918026.159996,0.1046973,0.1682209,43151066666.666664,55550800000.0,55550800000.0,464063948965.19995,2.0,242515880057.87997,1.0,242515880057.87997,0.1737407,None
SWX:SOON,SONOVA N,Healthcare,Switzerland,22.7166618,2946101093.1719995,1.0,571689311.652,6759500909.591999,2.0,3408896167.3799996,1.0,730128361.8599999,1.0,14273645334.119999,1.0,730128361.8599999,14273645334.119999,3408896167.3799996,2946101093.1719995,1.0,571689311.652,3408896167.3799996,1.0,730128361.8599999,1.0,730128361.8599999,3408896167.3799996,7.3284583,7.3284583,32.149586,32.149586,32.149586,6.781532,32.149586,25.5485142,25.0839908,933552281.8243703,967500000.0,692180000.0,967500000.0,0.21418,208.8252818,1000.0,1.9624478,10.0,70.3349699,0.43195,0.1624,0,10.616,333.5,0.0318321,8.348825,62313400,671699968,10.7793824,14922,22983560007,23117538433,45014.0710361,0.444,0.499,0.1532478,-0.0394836,0.1532478,-0.0394836,0.3713119,6.3435371,0.3643791,6.2863823,86.5837641,86.5837641,802789739.304,1.0,922198752.7199999,1.0,28.6296136,24.9225668,24.9225668,0.5479916,0.5,1.2240032,1.0,1.2240032,1.1073468,CHF,CHF,1.0869858,1.0869858,3.2,2.880794,2.582781,2.6,0.4955157,215.4,402,329.151,1.3212781,54.8282266,-17.039801,1.2658092,4.1134813,0.9724128,0.5,1.8255997,1.0,0.0231127,1.0,0.1243437,1.0,0.7362301,1.0,0.5880608,1.0,0.8479822,0.5,1.61152,1.0,1.8355997,0.1343437,0.5980608,1.62152,1.7285599,5669558508.216,1.0,6278603898.528,1.0,6278603898.528,2694862441.9319997,1.0,2812597497.216,1.0,2812597497.216,0.2162883,0.3595922,837113333.3333334,909280000.0,909280000.0,5900608209.863999,2.0,3439288290.3479996,1.0,3439288290.3479996,2.9022558,None
SWX:SREN,SWISS RE N,Financial Services,Switzerland,1e+50,44045866666.666664,1.0,-186266666.6666667,15619233333.333334,0.5,47191000000.0,1.0,1303000000.0,1.0,114582000000.0,1.0,1303000000.0,114582000000.0,47191000000.0,44045866666.666664,1.0,-186266666.6666667,47191000000.0,1.0,1303000000.0,1.0,1303000000.0,47191000000.0,0.4782738,0.4782738,21.624939,9.638949,20.1266902,0.5394839,20.1266902,9.719827,9.7199061,2323037789.3088794,2323000000.0,424466666.6666667,2323000000.0,0.02761,-0.4712223,0.025,0.3876346,10.0,0.0040553,0.25213,0.00302,9.14,4.074,87.64,0.0464856,1.0692266,288976000,1303000064,4.5090252,13605,22579892786,27673336971,95773.6173466,-0.3845728,0.203,-0.3845728,0.0069862,-0.3845728,0.0069862,-0.3845728,0.2115427,0.1539966,4.1742396,2.7,2.7,8691600000.0,2.0,3598000000.0,1.0,2.5978983,6.2756789,6.2756789,6.1671059,1.0,6.4778137,1.0,6.4778137,2.5461549,USD,CHF,1.0,1.0869858,5.9,5.9,5.6,5.0,0.0480746,77.26,94.96,85.9317,1.9879742,13.435154,-7.7085088,1.1728814,2.6033017,1.1670153,1.0,1.1557136,1.0,0.8857024,1.0,0.639578,1.0,0.4384693,0.5,1.0714177,1.0,0.5619001,1.0,0.43709,1.0,1.1657136,0.649578,1.0814177,0.44709,0.8064018,203527333333.33334,1.0,182610000000.0,1.0,182610000000.0,28271200000.0,1.0,24471000000.0,1.0,24471000000.0,0.1071354,0.1532467,-49346666666.666664,-60989200000.0,-60989200000.0,174596666666.66666,1.0,158017600000.0,1.0,158017600000.0,0.2207887,effective_profit_margin          <= 0   |
SWX:STMN,STRAUMANN N,Healthcare,Switzerland,39940.7399519,1567500916.7196,1.0,201543979.36704,1622319784.5851998,1.0,1963368101.2499998,1.0,388687643.3214,1.0,6867591502.2012,1.0,388687643.3214,6867591502.2012,1963368101.2499998,1567500916.7196,1.0,201543979.36704,1963368101.2499998,1.0,388687643.3214,1.0,388687643.3214,1963368101.2499998,18.5733264,18.5733264,87.35155,88.329575,87.4738031,17.229765,87.4738031,57.1928449,56.5145279,600812520.6020982,615064000.0,426614666.6666667,615064000.0,0.19797,0.0483573,0.5,1.8532511,10.0,0.7008595,0.37501,0.35126,22.15,22.398,1941,0.0115394,22.80117,15906600,357583008,22.480166,8169,33547094626,33828370515,43773.1678296,-0.3693898,0.629,-0.3693898,0.0200613,-0.3693898,0.0200613,-0.3693898,0.213061,0.4767653,7.1548196,-236.8062285,422.28619,383934399.3494399,1.0,622422199.8953999,1.0,87.3771527,53.8976512,53.8976512,0.4521675,0.5,1.0712651,1.0,1.0712651,1.0360194,CHF,CHF,1.0869858,1.0869858,5.75,5.75,5.25,5.25,0.8982885,970,2108,1593.915,21.7756279,100.1030928,-7.9222011,1.7065026,24.6968623,2.1975599,1.0,1.9373692,1.0,0.002579,0.5,0.0050455,1.0,0.0653371,0.1666667,0.3060832,1.0,5.2221213,2.0,2.9671253,1.0,1.9473692,0.0150455,0.3160832,2.9771253,2.4622472,5126938385.34768,2.0,3004073306.8433995,1.0,3004073306.8433995,1345730088.189,1.0,1448350968.2526,1.0,1448350968.2526,0.2293869,0.3683656,589726866.6666666,875186400.0,875186400.0,2426267815.9576797,2.0,1550182841.5568397,1.0,1550182841.5568397,4.2375707,None
SWX:TEMN,TEMENOS N,Technology,Switzerland,4518.5260668,893588600.0,1.0,173300400.0,1788164666.6666667,2.0,954059000.0,1.0,184429000.0,1.0,3955095000.0,1.0,184429000.0,3955095000.0,954059000.0,893588600.0,1.0,173300400.0,954059000.0,1.0,184429000.0,1.0,184429000.0,954059000.0,11.0372538,11.0372538,53.808304,31.281096,50.992403,9.842505,50.992403,40.3989142,39.0333496,279558706.0754453,298458000.0,262994266.6666667,298458000.0,0.19331,1.9521374,10.0,1.5294246,10.0,1.2259573,0.61199,0.1196,4.02,2.337,123.35,0.0189461,21.95356,74674600,184428992,2.4697687,7227,10530357238,10207156323,25519.4398782,-0.31,0.106,0.0334299,0.0153,0.0334299,0.0153,-0.2241425,0.2275857,0.083325,3.1366071,3.14,3.14,723734933.3333334,2.0,422914000.0,1.0,14.5500193,24.8995239,24.8995239,3.6147576,1.0,4.3197918,1.0,4.3197918,2.0794109,USD,CHF,1.0,1.0869858,0.9,0.85,0.75,0.65,0.0343815,103.35,154,137.09125,-10.0234333,19.3517175,-19.9025974,0.7897335,0.7907335,1.2856081,1.0,1.2367777,1.0,0.0,1.0,0.0,1.0,0.1599836,0.5,0.9710219,2.0,0.2709857,0.3333333,0.5603616,1.0,1.2467777,0.01,0.9810219,0.5703616,0.9085696,2108398066.6666667,1.0,2169135533.3333335,1.0,2169135533.3333335,462974333.3333333,1.0,413546866.6666667,1.0,413546866.6666667,0.1850242,0.5459688,-117664466.6666667,-343052866.6666667,-343052866.6666667,1645423733.3333333,1.0,1755588666.6666667,1.0,1755588666.6666667,2.5916218,None
SWX:UBSG,UBS GROUP N,Financial Services,Switzerland,0.0060715,31017133333.333332,1.0,5311533333.333333,71136533333.33333,2.0,104784000000.0,3.0,15490000000.0,2.0,161731000000.0,1.0,15490000000.0,161731000000.0,104784000000.0,31017133333.333332,1.0,5311533333.333333,104784000000.0,3.0,15490000000.0,2.0,15490000000.0,104784000000.0,0.8804585,0.8804585,8.321374,9.019445,8.4086329,1.6051519,8.4086329,0,100000,0.0,1283000000.0,1385266666.6666667,1283000000.0,0.22177,18.7836034,100.0,5852.841199,25000.0,1957.2831908,0.5319,0.00051,1.8,1.951,16.38,0.1191087,0.9289352,3445570048,7744999936,2.2478138,71427,30738249299,60934601011,108432.3846165,0.089,0.022,0.8086361,0.0584049,0.8086361,0.0584049,0.268909,5.4356438,0.0311012,2.0135538,1.34,1.34,-17654800000.0,0.5,-21464000000.0,0.5,57435.9321114,143208.3921902,143208.3921902,17.4602428,1.0,17.3757952,1.0,17.3757952,4.1694284,USD,CHF,1.0,1.0869858,0.37,0.365,0.73,0.35208,0.2974257,11.955,17.035,15.0509,8.8307012,37.0138018,-3.8450249,1.742126,27.9561493,1.057563,1.0,1.0578828,1.0,0.6243791,1.0,2.4527484,2.0,10.961515,1.0,24.9557079,2.0,0.6763721,1.0,0.6968371,1.0,1.0678828,2.4627484,24.9657079,0.7068371,0.88736,2100153733333.3333,2.0,1093163266666.6666,1.0,1093163266666.6666,113588666666.66667,2.0,59487266666.666664,1.0,59487266666.666664,0.1141699,0.3603919,-267473266666.66666,-252463066666.66666,-252463066666.66666,1986077200000.0,2.0,1033360466666.6666,1.0,1033360466666.6666,0.0153061,None
SWX:UHR,SWATCH GROUP I,Consumer Cyclical,Switzerland,380.0733966,7440127938.119999,1.0,357618328.1999999,15252222416.999998,1.0,7380633581.999999,1.0,564145630.1999999,1.0,59979876443.99999,1.0,564145630.1999999,59979876443.99999,7380633581.999999,7440127938.119999,1.0,357618328.1999999,7380633581.999999,1.0,564145630.1999999,1.0,564145630.1999999,7380633581.999999,1.9457046,1.9457046,27.25547,27.25547,27.25547,2.0494227,27.25547,10.715506,10.7154051,1232976773.3820248,1233000000.0,976866666.6666666,1233000000.0,0.07643,0.0003895,0.025,0.7780395,10.0,0.285953,0.35207,0.02598,0,10.009,271.3,0.0368927,1.2738199,28896000,519000000,17.9609635,31545,13211721148,15126039424,16452.6866381,-0.5884847,0.544,-0.5884847,-0.1826978,-0.5884847,-0.1826978,-0.5884847,0.1911515,0.3623255,6.2693484,-46.3146652,2159.1433223,1057854580.5599998,1.0,1423951397.9999998,1.0,12.4891657,9.2782107,9.2782107,0.1874635,1.0,0.1746649,1.0,0.1746649,0.4189293,CHF,CHF,1.0869858,1.0869858,3.5,5.5,8.0,7.5,0.1643777,230.1,333.9,283.1315,-4.1788003,17.9052586,-18.7481282,0.7938343,0.7948343,6.394037,1.0,6.7578675,1.0,0.0195109,0.1666667,0.0891089,1.0,0.8830738,1.0,0.8978423,1.0,7.2106337,1.0,7.9162937,1.0,6.7678675,0.0991089,0.9078423,7.9262937,7.3470806,14402199521.399998,1.0,14191904001.96,1.0,14191904001.96,12055904439.239998,1.0,12024019522.439999,1.0,12024019522.439999,0.1397512,0.1469182,8059133333.333333,8209200000.0,8209200000.0,2262089915.5199995,1.0,2100056565.5999997,1.0,2100056565.5999997,3.4262782,None
SWX:VIFN,VIFOR N,Healthcare,Switzerland,109.0030407,7468317103.199999,4.0,359799546.372,7928909219.5199995,2.0,956221408.2599999,1.0,135221033.52,1.0,16249568121.359999,1.0,135221033.52,16249568121.359999,956221408.2599999,7468317103.199999,4.0,359799546.372,956221408.2599999,1.0,135221033.52,1.0,135221033.52,956221408.2599999,6.5784381,6.5784381,24.73454,24.73454,24.73454,5.86061,24.73454,22.4342999,24.0468053,449403335.4329183,384800000.0,481740000.0,384800000.0,0.23738,25.8918238,140.0,0.1131295,1.0,8.7484444,0.34668,0.27544,0,6.404,158,0.0405316,3.0442219,64855200,213300000,3.288865,2384,11531379818,11166673507,89471.4765101,0.832,-0.01,0.6088054,0.0495765,0.6088054,0.0495765,0.7762014,9.0602291,0.0048941,0.9495807,31.8661384,31.8661384,430265212.4999999,1.0,412619809.6799999,1.0,26.8006325,27.9467431,27.9467431,0.3413911,1.0,0.3405512,1.0,0.3405512,0.5845677,CHF,CHF,1.0869858,1.0869858,2.0,2.0,2.0,2.0,0.1852963,102.3,160.75,125.784,25.6121605,54.4477028,-1.7107309,1.9059025,47.9296273,8.6038185,2.0,4.283453,1.0,0.0119672,0.5,0.0086339,1.0,9.6444265,6.0,5.8878491,1.0,16.0481412,6.0,2.9577838,1.0,4.293453,0.0186339,5.8978491,2.9677838,3.6306184,10804363482.264,2.0,5408167409.604,1.0,5408167409.604,3696193760.8919997,1.0,3707708563.7999997,1.0,3707708563.7999997,0.1250031,0.1364702,919800000.0,1044360000.0,1044360000.0,1261193390.8799999,1.0,1262403568.4039998,1.0,1262403568.4039998,3.1932098,None
SWX:ZURN,ZURICH INSURANCE N,Financial Services,Switzerland,19.7494863,61223666666.666664,1.0,3846400000.0,77033066666.66667,2.0,71344000000.0,1.0,4846000000.0,1.0,155192000000.0,1.0,4846000000.0,155192000000.0,71344000000.0,61223666666.666664,1.0,3846400000.0,71344000000.0,1.0,4846000000.0,1.0,4846000000.0,71344000000.0,0.8652407,0.8652407,13.011052,11.561193,12.8298196,0.8061295,12.8298196,8.0610867,7.9994472,7779034502.696871,7898000000.0,6468266666.666667,7898000000.0,0.06792,0.6405996,10.0,0.6478193,10.0,0.453113,0.38762,0.00175,33.5,29.767,384,0.0775182,1.5809388,148496000,4846000128,32.6338765,55000,61748480325,62515267726,88109.0932364,0.857,0.55,0.0238689,0.008855,0.0238689,0.008855,0.6487172,8.3042984,0.4147137,6.6898272,19.7772145,19.7772145,5275133333.333333,1.0,3974000000.0,1.0,11.7055772,15.5381178,15.5381178,10.7565057,1.0,10.9857106,1.0,10.9857106,3.3154699,USD,CHF,1.0,1.0869858,20.0,20.0,19.0,18.0,0.0437618,352.9,415.1,386.7015,-0.6986009,8.8126948,-7.4921706,1.0,1.0,1.0973475,1.0,1.0949441,1.0,1.360428,1.0,1.2151184,1.0,0.4992826,1.0,0.497526,1.0,4.095064,3.0,1.5951351,1.0,1.1049441,1.2251184,0.507526,1.6051351,1.3550396,423059533333.3333,1.0,442599800000.0,1.0,442599800000.0,35978666666.666664,1.0,36814000000.0,1.0,36814000000.0,0.1109489,0.2316347,18547066666.666668,26189400000.0,26189400000.0,385495466666.6667,1.0,404226600000.0,1.0,404226600000.0,0.218471,None
