Symbol,Name,Sector,Country,sss_value,sss_value_normalized,annualized_revenue,annualized_earnings,annualized_retained_earnings,quarterized_revenue,quarterized_earnings,quarterized_retained_earnings,effective_earnings,effective_retained_earnings,effective_revenue,annualized_total_revenue,annualized_net_income,quarterized_total_revenue,quarterized_net_income,effective_net_income,effective_total_revenue,enterprise_value_to_revenue,evr_effective,evr_effective_normalized,trailing_price_to_earnings,forward_price_to_earnings,effective_price_to_earnings,trailing_12months_price_to_sales,trailing_12months_price_to_sales_normalized,pe_effective,pe_effective_normalized,enterprise_value_to_ebitda,effective_ev_to_ebitda,effective_ev_to_ebitda_normalized,ebitda,quarterized_ebitd,annualized_ebitd,ebitd,profit_margin,annualized_profit_margin,annualized_profit_margin_boost,quarterized_profit_margin,quarterized_profit_margin_boost,effective_profit_margin,effective_profit_margin_normalized,held_percent_institutions,held_percent_insiders,held_percent_insiders_normalized,forward_eps,trailing_eps,previous_close,trailing_eps_percentage,price_to_book,price_to_book_normalized,shares_outstanding,net_income_to_common_shareholders,nitcsh_to_shares_outstanding,employees,enterprise_value,market_cap,nitcsh_to_num_employees,eqg,rqg,eqg_yoy,rqg_yoy,niqg_yoy,trqg_yoy,eqg_effective,eqg_factor_effective,eqg_factor_effective_normalized,rqg_effective,rqg_factor_effective,rqg_factor_effective_normalized,price_to_earnings_to_growth_ratio,effective_peg_ratio,effective_peg_ratio_normalized,annualized_cash_flow_from_operating_activities,quarterized_cash_flow_from_operating_activities,annualized_ev_to_cfo_ratio,quarterized_ev_to_cfo_ratio,ev_to_cfo_ratio_effective,ev_to_cfo_ratio_effective_normalized,annualized_debt_to_equity,quarterized_debt_to_equity,debt_to_equity_effective,debt_to_equity_effective_used,debt_to_equity_effective_used_normalized,financial_currency,summary_currency,financial_currency_conversion_rate_mult_to_usd,summary_currency_conversion_rate_mult_to_usd,last_dividend_0,last_dividend_1,last_dividend_2,last_dividend_3,fifty_two_week_change,fifty_two_week_low,fifty_two_week_high,two_hundred_day_average,previous_close_percentage_from_200d_ma,previous_close_percentage_from_52w_low,previous_close_percentage_from_52w_high,dist_from_low_factor,eff_dist_from_low_factor,eff_dist_from_low_factor_normalized,annualized_total_ratio,quarterized_total_ratio,annualized_other_current_ratio,quarterized_other_current_ratio,annualized_other_ratio,quarterized_other_ratio,annualized_total_current_ratio,quarterized_total_current_ratio,total_ratio_effective,other_current_ratio_effective,other_ratio_effective,total_current_ratio_effective,effective_current_ratio,effective_current_ratio_normalized,annualized_total_assets,quarterized_total_assets,effective_total_assets,annualized_total_stockholder_equity,quarterized_total_stockholder_equity,effective_total_stockholder_equity,calculated_roa,calculated_roa_normalized,calculated_roe,calculated_roe_normalized,annualized_working_capital,quarterized_working_capital,effective_working_capital,annualized_total_liabilities,quarterized_total_liabilities,effective_total_liabilities,altman_z_score_factor,altman_z_score_factor_normalized,skip_reason
SWX:LOGN,LOGITECH N,Technology,Switzerland,9545979.4362497,-3.8055638880064833,4137676200.0,673375733.3333334,2043288533.3333333,5772443000.0,1062025000.0,9315136000.0,1062025000.0,9315136000.0,5772443000.0,4137676200.0,673375733.3333334,5772443000.0,1062025000.0,1062025000.0,5772443000.0,2.2949379,2.2949379,0.10581852519003918,14.176420000000002,17.122364,14.544663,2.371906,0.11997488520624232,14.544663,0.04308746649350102,9.7756151,9.7757348,9.7757348e-05,1354919183.745583,1354886000.0,822265600.0,1354886000.0,0.18398,15.283632800000001,588.2132813,0.43968900000000005,2.75,8.8851343,0.8792325414393055,0.72354,0.0067,0.011586283224099471,0.474,5.725,81.4,0.0703317,5.771173,0.2251762172504939,168700000,1062025024,6.2953469,9000,13245492846,14779673322,118002.7804444,1.5919999999999999,0.657,0.8789094000000001,0.46866499999999994,0.8789094000000001,0.46866499999999994,1.4137274,12.1400267,0.3384487066473182,0.6099161999999999,8.0597134,0.6190048496530446,9.4118176,2787.5495954,0.13185109586258087,955048466.6666666,1224821000.0,13.868922199999998,10.8142274,10.8142274,7.134261937001165e-05,0.7400245,0.7494425,0.7494425,0.8667035,0.20615689468220116,USD,CHF,1.0,1.0794628000000002,0.874567,0.7941,0.729993,0.6677960000000001,0.1005949,67.7,124.9,101.62894399999999,-19.9047075,20.2363368,-34.8278623,0.47902100000000003,0.48002100000000003,0.009119720672440467,2.3818536,2.3459368,0.3589618,0.3534853,1.450793,1.4156327,1.9167134999999997,1.998845,2.3559368,0.3634853,1.4256327,2.008845,2.1823909,0.29704191621363185,3225621666.6666665,3950347800.0,3950347800.0,1830307933.3333333,2262438733.333333,2262438733.333333,0.36884340000000004,0.9583514345518832,0.569416,0.7643350404882158,1098912933.3333333,1475358200.0,1475358200.0,1395313733.3333333,1687909066.6666667,1687909066.6666667,3.4053305,0.7789170211138533,None
SWX:KNIN,KUEHNE+NAGEL INT N,Industrials,Switzerland,3840575.4062333,-2.73788045342365,22134312749.81333,847234369.6266668,3352163779.12,25741949391.6,1334216020.8,14287769620.8,1334216020.8,14287769620.8,25741949391.6,22134312749.81333,847234369.6266668,25741949391.6,1334216020.8,1334216020.8,25741949391.6,1.66777,1.66777,0.07690010337804419,28.903137,28.903137,28.903137,1.5012603999999998,0.07593620664338191,28.903137,0.08562336212565184,21.0344121,19.823828,0.00019823828,2137018277.327312,2383000000.0,1644666666.6666667,2383000000.0,0.051829999999999994,0.18259720000000002,4.75,1.511564,27.4725,0.9333258,0.09235768277862416,0.21833000000000002,0.57827,1.0,0.0,10.293,295.4,0.0348443,13.137557999999999,0.512593473518982,120338000,1236000000,10.271069800000001,69445,39776842226,38645367903,17798.2576139,1.5819999999999999,0.479,0.0096254,0.0018622,0.0096254,0.0018622,1.1889063999999998,11.1536983,0.31095110886118493,0.3597155,6.247629,0.4798325272748534,24.3106926,24.3106926,0.001149895759981403,1638336673.6533332,2075806964.4,24.2787962,19.1621104,19.1621104,0.00012641449990161496,2.9788064,3.0107095,3.0107095,1.7361396,0.4129637744289701,CHF,CHF,1.0794628000000002,1.0794628000000002,4.5,4.0,4.0,6.0,0.5967568,181.2,364.6,307.99014,-4.0878387,63.0242826,-18.9797038,1.2453653,3.7306165,0.07087644168900423,1.3415803999999998,1.3344711999999999,0.5377943000000001,0.4520903,0.3673146,0.36110970000000003,1.1010183,1.0765371000000001,1.3444711999999999,0.4620903,0.37110970000000004,1.0865371000000001,1.2155042,0.1654404335784747,10170050823.92,11618833829.893332,11618833829.893332,2553073450.373333,2900948328.72,2900948328.72,0.2148322,0.5581901345067772,0.5599241,0.7515939307006263,522266666.6666667,425333333.3333333,425333333.3333333,7610500596.746667,8710833010.88,8710833010.88,2.6925636,0.6158825460470263,None
SWX:UHR,SWATCH GROUP I,Consumer Cyclical,Switzerland,2137659902.3451586,-2.3595154731994032,7388635009.253331,355143261.2,15146662188.666666,7329552412.0,560241193.1999999,59564757304.0,560241193.1999999,59564757304.0,7329552412.0,7388635009.253331,355143261.2,7329552412.0,560241193.1999999,560241193.1999999,7329552412.0,1.7163458999999999,1.7163458999999999,0.07913991566132157,24.408033,24.408033,24.408033,1.8496099999999998,0.0935562992067636,24.408033,0.07230695575825767,9.4517763,9.4517715,9.451771499999999e-05,1232998755.5961626,1233000000.0,976866666.6666666,1233000000.0,0.07643,0.015578299999999998,1.0,0.21396089999999998,2.75,0.156326,0.01546931105735125,0.34071,0.02598,0.044927110173448394,0.0,10.009,245.1,0.0408364,1.1407412000000001,0.044508765943732605,28896000,519000000,17.960963500000002,31545,11654016625,13556813648,16452.6866381,-0.5884847,0.544,-0.5884847,-0.1826978,-0.5884847,-0.1826978,-0.5884847,0.1911515,0.0053290638931374704,0.3623255,6.2693484,0.48150062802041527,-41.4760734,2411.0286170000004,0.11404165358423916,1050533196.96,1414096268.0,11.093430099999999,8.2413177,8.2413177,5.43688578047138e-05,0.1874635,0.17466489999999998,0.17466489999999998,0.41892929999999995,0.09964787678760759,CHF,CHF,1.0794628000000002,1.0794628000000002,3.5,5.5,8.0,7.5,0.12071330000000001,190.85,333.9,288.74084,-15.114190300000002,28.425465000000003,-26.594788899999998,0.7584761,0.7594761,0.01442897266868421,6.394037,6.757867500000001,0.11706520000000001,0.08910889999999999,0.8830738000000001,0.8978423000000001,7.2106337,7.916293700000001,6.7678675,0.0991089,0.9078423000000001,7.9262937,7.3470806,1.0,14302522279.06667,14093682209.36,14093682209.36,11972465843.17333,11940801601.04,11940801601.04,0.13975120000000002,0.3631100976738289,0.1469182,0.19721034945532928,8059133333.333333,8209200000.0,8209200000.0,2246434050.9866667,2085522129.6,2085522129.6,3.3652457,0.7697482391093036,None
SWX:CLN,CLARIANT N,Basic Materials,Switzerland,116558.14156110001,-2.262134448340724,4581312087.386667,507707336.9333333,2076382677.8933327,4262798597.2,889477347.1999998,9538133300.8,889477347.1999998,9538133300.8,4262798597.2,4581312087.386667,507707336.9333333,4262798597.2,889477347.1999998,889477347.1999998,4262798597.2,1.9527482,1.9527482,0.0900403163813294,6.917233,6.917233,6.917233,1.4437286,0.0730261540946264,6.917233,0.0204917807387658,12.0856655,12.389134199999999,0.00012389134199999999,607508857.4490889,577000000.0,625800000.0,577000000.0,0.20865999999999998,0.1447774,0.95,0.34866929999999996,2.75,0.28953920000000005,0.02865148438581321,0.56563,0.0351,0.06069828972625245,0.0,2.501,17.415,0.14361179999999998,2.5025313,0.09764228722392498,329553984,106000000,0.3216468,13057,7710868690,6154323817,8118.2507467,0.88,0.046,42.4965648,-0.1145393,42.4965648,-0.1145393,11.2841412,33.8418758,0.9434690201323177,0.0058652,1.0158440999999998,0.07801920405649068,0.6130048,0.6130048,2.8995127040035378e-05,466040072.8533333,318441526.0,16.5455057,24.2143944,24.2143944,0.00015974495995474828,2.0136027,2.1244153999999997,2.1244153999999997,1.4585375,0.34693244203760687,CHF,CHF,1.0794628000000002,1.0794628000000002,0.7,0.615,3.0,0.36,-0.0483606,15.115,20.7,19.094683,-8.7966006,15.216672199999998,-15.8695652,0.8236346999999999,0.8246346999999999,0.015666893991724825,1.5296745,1.5001171,1.2360645000000001,1.4517942,0.2704782,0.27567420000000004,1.5371725,1.3974733,1.5101171,1.4617942,0.28567420000000004,1.4074733,1.4587952,0.19855440268342775,8029116270.586665,7811208713.36,7811208713.36,2613451402.986666,2451244126.24,2451244126.24,0.2138719,0.5556950244340467,0.4628677,0.6213137709867431,1211733333.3333333,964800000.0,964800000.0,5248779918.72,5208192117.44,5208192117.44,1.8355146,0.4198457578326057,None
SWX:ADEN,ADECCO N,Industrials,Switzerland,16972.7578826,-1.9104040848133514,24813884400.0,295368480.0,3862243800.0,23697765000.0,576385200.0,14394583800.0,576385200.0,14394583800.0,23697765000.0,24813884400.0,295368480.0,23697765000.0,576385200.0,576385200.0,23697765000.0,0.4620101,0.4620101,0.021303072037331606,14.518766000000001,11.394299499999999,14.128207699999999,0.38210120000000003,0.0193273036988681,14.128207699999999,0.04185374909593802,9.6806224,9.3681519,9.368151900000001e-05,1045506415.7002676,1113000000.0,924666666.6666666,1113000000.0,0.024319999999999998,0.0033640999999999996,1.0,0.0718401,2.75,0.058480700000000004,0.005786984501309067,0.49678999999999995,0.04328,0.07484393103567538,4.21,3.304,48.24,0.0684909,2.4698794,0.09636829468756516,163092000,498000000,3.0534912999999997,31000,9467772913,8445202397,16064.516129,5.905,0.259,-0.46344420000000003,-0.0983164,-0.46344420000000003,-0.0983164,4.312889,21.017496100000002,0.5859414108216133,0.16967089999999999,4.369112599999999,0.3355580718391578,0.99,0.99,4.6827000000057135e-05,885102360.0,619209000.0,10.696811300000002,15.2901087,15.2901087,0.00010087048891816382,1.8867200000000002,2.0417111,2.0417111,1.4298846,0.3401169706709404,EUR,CHF,1.1574,1.0794628000000002,2.5,2.5,2.5,2.5,-0.062208400000000004,43.86,67.04,58.119857999999994,-16.999109,9.9863201,-28.042959399999997,0.37791199999999997,0.37891199999999997,0.007198792551650369,1.5359636,1.4922276,2.6553081,4.4410256,2.2741081000000003,2.2818782000000004,1.2884048000000001,1.2866098999999998,1.5022276,4.4510255999999995,2.2918782,1.2966098999999998,1.3994188,0.19047277091257173,11569833360.0,11329402800.0,11329402800.0,4025282880.0,3725439120.0,3725439120.0,0.15087520000000001,0.3920131534366679,0.254716,0.3419088402380621,1284600000.0,1271266666.6666667,1271266666.6666667,7534674000.0,7593006960.0,7593006960.0,2.2309192,0.5102884837785058,None
SWX:ABBN,ABB LTD N,Industrials,Switzerland,2315886211.931004,-1.8715523118085022,26766933333.33333,3565533333.333333,21426666666.666668,28114000000.0,5705000000.0,86738000000.0,5705000000.0,86738000000.0,28114000000.0,26766933333.33333,3565533333.333333,28114000000.0,5705000000.0,5705000000.0,28114000000.0,2.5021948,2.5021948,0.11537504499541579,12.011742,12.011742,12.011742,2.1898037999999995,0.11076385806570462,12.011742,0.03558387918328386,19.4292509,19.622277800000003,0.00019622277800000003,3550548401.133396,3480000000.0,3027400000.0,3480000000.0,0.20292000000000002,0.7726916,4.75,0.1176559,1.0,0.5263232,0.05208255374985923,0.58462,0.00041,0.0007090113614747436,0.0,2.555,30.52,0.0837156,4.4190062999999995,0.1724181761039049,2006000000,886000000,0.441675,106370,70355198439,66456200636,8329.4161888,1.357,0.21,1.3729628,-0.0204165,1.3729628,-0.0204165,1.3609906999999999,11.9161506,0.3322073219809858,0.15239589999999997,4.1537913,0.31902089212584467,8.8257341,8.8257341,0.0004174572229305094,2166066666.6666665,2796000000.0,32.4806247,25.162803399999998,25.162803399999998,0.00016600171596619422,1.8987657999999998,1.7942328999999997,1.7942328999999997,1.3404898,0.3188532347234838,USD,CHF,1.0,1.0794628000000002,0.8,0.8,0.8,0.8,0.2482618,21.85,34.79,31.687675,-3.6849501000000005,39.6796339,-12.273641900000001,1.3400309,5.7901378,0.11000443603704622,1.557337,1.5724823,0.5067775,0.11702280000000001,0.5505369999999999,0.48342470000000004,1.2609285,1.1754278999999999,1.5824823000000001,0.12702280000000002,0.49342470000000005,1.1854278999999999,1.3839551,0.18836803015336462,43031733333.333336,40179400000.0,40179400000.0,14820466666.666666,14288933333.333334,14288933333.333334,0.24198820000000001,0.6287485111964265,0.49926000000000004,0.6701636629707396,4516666666.666667,2777133333.333333,2777133333.333333,27809800000.0,25553266666.666668,25553266666.666668,2.3784357999999997,0.5440306390955428,None
SWX:SOON,SONOVA N,Healthcare,Switzerland,828316858.070162,-1.7847263743419135,2925711205.352,567732665.032,3356359291.202667,2808654259.32,627167886.8,13694712758.48,627167886.8,13694712758.48,2808654259.32,2925711205.352,567732665.032,2808654259.32,627167886.8,627167886.8,2808654259.32,9.058851800000001,9.058851800000001,0.4176994668967434,38.008705,38.008705,38.008705,8.463359,0.42809054173488237,38.008705,0.11259792015455186,38.0791297,37.0890752,0.00037089075200000005,652946859.0543145,686900000.0,692180000.0,686900000.0,0.2233,15.8087264,75.703125,0.6460847,2.75,9.260053599999999,0.9163328527957296,0.41878999999999994,0.1624,0.28083767098414236,0.0,9.19,345.0,0.0266377,8.013306,0.3126584375049381,63042700,581000000,9.2159758,14508,23570742095,23770650454,40046.870692000004,1.949,0.027999999999999997,0.1532478,-0.0394836,0.1532478,-0.0394836,1.5000619,12.497701600000001,0.34842023391794674,0.0111291,1.304946,0.100222906503765,25.3380903,25.3380903,0.0011984916711914623,797233652.7306666,825141364.3199999,29.565663699999998,28.565701699999998,28.565701699999998,0.00018845100144836927,1.0959832,1.1968653,1.1968653,1.0950133999999998,0.2604634251268156,CHF,CHF,1.0794628000000002,1.0794628000000002,3.2,2.880794,2.582781,2.6,0.4070147,214.0,389.7,324.79297,6.2215109,61.21495329999999,-11.470361800000001,1.4911781000000002,10.9945429,0.20888077848503203,1.9448256000000002,1.8479251,0.0231127,0.0504936,0.7362301,0.7284871999999999,1.6959643,2.1857811000000003,1.8579251,0.0604936,0.7384871999999999,2.1957811,2.0268531000000003,0.27587190209945434,5630319643.5893345,6294606657.872,6294606657.872,2676211370.1786666,2863231898.488,2863231898.488,0.1996358,0.5187059205015268,0.31904190000000004,0.4282543931922133,837113333.3333334,1363500000.0,1363500000.0,2929885128.1786666,3406503936.472,3406503936.472,2.8776967,0.6582288976747385,None
SWX:ROG,ROCHE GS,Healthcare,Switzerland,493953217110.3693,-1.7710770522347294,65666456763.09332,14247541640.453331,45323044762.66666,67032480954.4,15132988993.2,199175999079.2,15132988993.2,199175999079.2,67032480954.4,65666456763.09332,14247541640.453331,67032480954.4,15132988993.2,15132988993.2,67032480954.4,5.5905378,5.5905378,0.2577771124069049,22.346386,16.944445,21.6711434,5.081674,0.25703938301330076,21.6711434,0.06419912686346571,14.8782358,14.8207497,0.000148207497,23514292400.783573,23696000000.0,24102400000.0,23696000000.0,0.22576,17.2866198,75.703125,0.6483289000000001,2.75,10.1055567,1.0,0.37768,1.23e-05,2.127034084424231e-05,21.42,16.242,362.6,0.0447932,8.199481,0.3199225036222787,694260992,14019000320,20.1926948,101465,347147697857,340637228277,138165.8731582,-0.034,0.057999999999999996,0.146231,-0.0005065,0.146231,-0.0005065,0.0110578,1.3015589,0.03628582845952935,0.043373400000000006,2.3326273,0.17915123522048407,3.11,3.11,0.00014710300000017948,21304997462.666668,21282688564.8,16.294191,16.3112709,16.3112709,0.00010760720560211703,1.4176178,1.2379558000000002,1.2379558000000002,1.1136346000000001,0.2648927239207587,CHF,CHF,1.0794628000000002,1.0794628000000002,9.1,9.0,8.7,8.3,0.1317104,290.55,374.7,335.9317,7.9386078,24.7977973,-3.2292501000000002,1.7124183000000002,25.2150111,0.47904957904859546,1.7846942,1.8850964,0.054789300000000006,0.1558424,0.7045491999999999,0.9901537,1.3188575,1.2520323,1.8950964,0.1658424,1.0001537,1.2620323,1.5785643999999999,0.21485600688796036,90327863891.89333,94493151016.16,94493151016.16,36226843532.18667,40500796578.319984,40500796578.319984,0.2601491,0.675935270042466,0.47364670000000003,0.635782573060135,7780133333.333333,6361800000.0,6361800000.0,50647459041.57333,50126150473.359985,50126150473.359985,2.9393372,0.6723282148012167,None
SWX:GEBN,GEBERIT N,Industrials,Switzerland,7820011550.637342,-1.7185981788258853,3259236424.8773327,679903242.7893332,0.0,3617495735.36,849969008.7199999,0.0,849969008.7199999,0.0,3617495735.36,3259236424.8773327,679903242.7893332,3617495735.36,849969008.7199999,849969008.7199999,3617495735.36,8.0085345,8.0085345,0.36926982195184793,31.378791999999997,31.378791999999997,31.378791999999997,7.384027499999999,0.3734961890025306,31.378791999999997,0.09295730323256976,25.347945499999998,25.2416017,0.00025241601700000003,1067840051.7843453,1076800000.0,892993333.3333334,1076800000.0,0.23495,3.7888955,17.8125,0.661858,2.75,2.3977497000000003,0.2372704217274839,0.41303,0.00447,0.0077299531360783035,0.0,21.983,686.2,0.0320358,12.526558,0.48875383663059696,35874300,787400000,21.9488603,12011,26840435124,26712486346,65556.5731413,0.7340000000000001,0.37799999999999995,0.0386211,-0.009261100000000001,0.0386211,-0.009261100000000001,0.5601553000000001,7.7343521,0.21562402865225735,0.2811847,5.552685299999999,0.42645922487729787,56.01802560000001,56.01802560000001,0.0026496526108832335,911886994.928,1132464423.48,29.4339488,23.700908,23.700908,0.0001563574350367058,0.9673069999999999,0.9394971,0.9394971,0.9702765999999999,0.23079312687534345,CHF,CHF,1.0794628000000002,1.0794628000000002,11.4,11.3,10.8,10.4,0.239971,515.2,780.0,688.3408,-0.31100869999999997,33.1909938,-12.025641,1.2915408000000002,4.6413974,0.08817999174575994,2.0345058999999996,2.0644872,0.034982099999999995,0.24197249999999998,0.3155414,0.3606165,1.8144886999999998,1.8178281000000003,2.0744872,0.2519725,0.3706165,1.8278281000000003,1.9511576000000002,0.2655691023724444,4005209987.4453335,4065112976.426666,4065112976.426666,2036586482.6666667,2072863629.1653333,2072863629.1653333,0.3090887,0.8030931258327426,0.5100458,0.6846415927789953,464046666.6666667,482233333.3333333,482233333.3333333,1968623504.7786667,1969084075.5733328,1969084075.5733328,3.1683852000000003,0.7247194249501541,None
SWX:CFR,RICHEMONT N,Consumer Cyclical,Switzerland,1103721662.2745063,-1.6366000532147518,15516490200.0,1614881640.0,16638859560.0,15212865600.0,1505777400.0,65578284000.0,1505777400.0,65578284000.0,15212865600.0,15516490200.0,1614881640.0,15212865600.0,1505777400.0,1505777400.0,15212865600.0,4.7679872,4.7679872,0.21984968465987006,41.1526,41.1526,41.1526,4.36371,0.22072358951970766,41.1526,0.12191147183131366,28.856199600000004,26.945596000000002,0.00026945596,2503482798.144546,2835000000.0,2787200000.0,2835000000.0,0.09898,0.46327240000000003,4.75,0.3436967,2.75,0.3870662,0.0383023134193092,0.4324,0.00551,0.009528420979819117,0.0,2.464,101.15,0.0243599,3.2590877999999996,0.12716116160288976,513447008,1300999936,2.5338543999999996,34760,62674672704,61914319696,37428.07640969999,16.844,0.121,0.2182947,-0.0002173,0.2182947,-0.0002173,12.6875737,35.8696206,1.0,0.0906957,3.2615722999999996,0.25049638504441546,3.2435357999999996,3.2435357999999996,0.00015341924334018718,3214485600.0,3724513200.0,19.4975746,16.8276146,16.8276146,0.0001110135804350712,0.8665176,0.9826005999999999,0.9826005999999999,0.9922620999999999,0.2360226689367699,EUR,CHF,1.1574,1.0794628000000002,2.0,1.0,2.0,1.9,0.605046,56.2,119.0,104.21937,-2.9451051,79.9822064,-15.0,1.4315287,8.605979099999999,0.1635014416137223,2.1895655,2.024254,0.07185369999999999,0.0835105,2.8260572999999996,2.9271156000000005,2.7228894,2.6600269,2.0342540000000002,0.0935105,2.9371156000000003,2.6700269,2.3521405,0.32014627687628744,37534173360.0,40327288200.0,40327288200.0,20005196040.0,20274638760.0,20274638760.0,0.13733889999999999,0.3568423125770384,0.174269,0.23392370985508112,12232200000.0,12995400000.0,12995400000.0,17408993520.0,19922557680.0,19922557680.0,2.2605432999999997,0.5170645414108497,None
SWX:NOVN,NOVARTIS N,Healthcare,Switzerland,17688780.699451502,-1.5882912464039425,48632933333.333336,9628600000.0,62425133333.333336,51556000000.0,8984000000.0,221008000000.0,8984000000.0,221008000000.0,51556000000.0,48632933333.333336,9628600000.0,51556000000.0,8984000000.0,8984000000.0,51556000000.0,4.232573599999999,4.232573599999999,0.19516201118570345,20.977339,20.977339,20.977339,3.3336778,0.16862287602021261,20.977339,0.062143783687893785,11.4487825,11.609208,0.00011609208,18542656420.13954,18023000000.0,16497133333.333334,18023000000.0,0.17426,6.7220644,36.9075,1.1827590000000001,6.1875,4.2140051,0.41699880819034935,0.33902,0.0365,0.06311930413128815,0.0,3.6630000000000003,76.7,0.0477575,3.180332,0.12408831434453581,2236740096,8984000512,4.0165599,109000,218240272831,185528451003,82422.0230459,0.551,0.14400000000000002,-0.1071595,0.03918169999999999,-0.1071595,0.03918169999999999,0.3864601,6.4665916,0.18028045716212568,0.1177954,3.6821339,0.28279650008049656,54.280735,54.280735,0.002567478765503133,13657666666.666666,13423000000.0,15.9793234,16.2586808,16.2586808,0.00010726026306538705,1.1787329,1.334845,1.334845,1.1563549,0.2750543125008117,USD,CHF,1.0,1.0794628000000002,3.0,2.95,2.85,2.8,-0.042686,70.42,86.92,81.62486,-6.0335295,8.917921,-11.7579383,0.7612121000000001,0.7622121000000001,0.014480952802386272,1.8776581,1.7512679,0.0570669,0.15723589999999998,1.1766288999999999,0.8061047,0.9975838,0.8051085,1.7612679,0.1672359,0.8161046999999999,0.8151085,1.2881882,0.175333342606858,130277133333.33333,124861600000.0,124861600000.0,60405066666.66665,53473866666.66666,53473866666.66666,0.1719517,0.44677540215884315,0.2680073,0.359749937649517,-360733333.3333333,-5872333333.333333,-5872333333.333333,69800933333.33333,71310533333.33333,71310533333.33333,2.2103368,0.5055805760745768,None
SWX:SCMN,SWISSCOM N,Communication Services,Switzerland,56897553289.91598,-1.5660640170437363,12212466405.706663,1694900524.3733332,11454467627.546663,12133161872.0,1982973163.6,48472197571.2,1982973163.6,48472197571.2,12133161872.0,12212466405.706663,1694900524.3733332,12133161872.0,1982973163.6,1982973163.6,12133161872.0,3.5320023000000003,3.5320023000000003,0.16285899254782726,15.170741,16.99842,15.399200899999999,2.479486,0.1254164575748301,15.399200899999999,0.045618970532726726,10.632708599999999,10.4446469,0.000104446469,3871064294.0101533,4008000000.0,3855466666.6666665,4008000000.0,0.16343,0.6601651,4.75,0.45595,2.75,0.5408558000000001,0.0535206338508793,0.19079000000000002,0.50952,0.8811108997527107,3.165,35.463,538.4,0.06586739999999999,2.7708678,0.10811208218939167,51801900,1836999936,35.4620185,19110,39703901076,30084003840,96127.67849289998,0.187,0.027000000000000003,-0.025312400000000002,-0.0233414,-0.025312400000000002,-0.0233414,0.1339219,3.9095342000000004,0.10899290638161924,0.014414700000000003,1.4506105,0.11141028097322021,101.04854300000001,2154.9236333,0.10192788785521437,4318354949.306665,4263878060.0,9.194219,9.311687699999998,9.311687699999998,6.14302036291117e-05,1.6508006000000002,1.4703325,1.4703325,1.2135726999999998,0.2886643232698316,CHF,CHF,1.0794628000000002,1.0794628000000002,22.0,22.0,22.0,22.0,432.39219249999996,456.3,562.4,522.49646,3.0437602999999998,17.9925488,-4.267425299999999,1.5475966,13.738730800000003,0.26101647071660317,1.608127,1.6829825,0.2881614,0.230177,0.2409467,0.1087263,0.8476127,0.9267088,1.6929825,0.240177,0.11872629999999999,0.9367088,1.3148457,0.17896165451077262,25785775581.28,26601489637.146664,26601489637.146664,9751866935.2,10788007294.826666,10788007294.826666,0.17454370000000002,0.4535100947637765,0.2838127,0.3809657465641461,-693133333.3333334,-311400000.0,-311400000.0,16035419894.0,15812115022.77333,15812115022.77333,2.1482224,0.49137286160566573,None
SWX:PGHN,PARTNERS GROUP N,Financial Services,Switzerland,3626890464.1068,-1.4255315287441308,1552562559.5653336,887239260.9946668,2814418590.6719995,2066523584.32,1210185745.08,11813856775.76,1210185745.08,11813856775.76,2066523584.32,1552562559.5653336,887239260.9946668,2066523584.32,1210185745.08,1210185745.08,2066523584.32,21.687487100000002,21.687487100000002,1.0,33.94151,33.94151,33.94151,19.770021,1.0,33.94151,0.10054916190659281,34.5492864,34.452121500000004,0.00034452121500000004,1208502524.1517215,1215300000.0,929333333.3333334,1215300000.0,0.5856100000000001,2.7096801,4.75,1.5704053999999998,2.75,2.0907345,0.20688959174312485,0.3986,0.15044000000000002,0.26015529078112304,0.0,42.367,1438.0,0.029462400000000003,17.13496,0.6685617422209528,26319700,1121100032,42.5954715,1511,41518051854,40855214578,741958.9887492,1.01,0.8140000000000001,-0.0086553,-0.0001606,-0.0086553,-0.0001606,0.7553361999999999,8.9410079,0.24926407780293058,0.6104599,8.0631931,0.6192720987558896,44.9356335,44.9356335,0.0021254554645525935,1038220124.6213334,544265143.76,39.989642700000005,76.2827683,76.2827683,0.0005032456135810211,0.7054945,0.7711483,0.7711483,0.8791505,0.2091175783163498,CHF,CHF,1.0794628000000002,1.0794628000000002,27.5,25.5,22.0,19.0,0.6582103,808.0,1650.0,1434.8591,0.2188995,77.970297,-12.848484800000001,1.4964371,11.2292492,0.2133398665167265,2.4583887000000004,2.2967686,0.6569033000000001,0.28294359999999996,1.4559148000000002,1.3381341999999998,4.3542649,4.633424199999999,2.3067686000000003,0.29294359999999997,1.3481341999999998,4.6434242,3.4750964,0.47299010167385397,4093733133.464,4248161081.632,4248161081.632,2392147136.149333,2398523163.088,2398523163.088,0.3848728,1.0,0.6045545,0.8115019392409645,1965146666.6666667,1918240000.0,1918240000.0,1701585997.3146665,1849637918.544,1849637918.544,4.371878400000001,1.0,None
SWX:HOLN,HOLCIM N,Basic Materials,Switzerland,36367.557503300006,-1.260849060562513,26912950637.04,1719152455.2799995,17870866474.93333,26991967314.0,2362944069.2,4467716618.733333,2362944069.2,4467716618.733333,26991967314.0,26912950637.04,1719152455.2799995,26991967314.0,2362944069.2,2362944069.2,26991967314.0,1.8296894000000001,1.8296894000000001,0.0843661320264255,12.471053999999999,8.921211999999999,12.027323800000001,1.0803120000000002,0.05464394802615537,12.027323800000001,0.03563003908987011,8.182328,8.0606219,8.060621899999999e-05,5762571875.4617405,5934000000.0,5097000000.0,5934000000.0,0.08753999999999999,0.0728785,1.0,0.2066488,2.75,0.16350770000000003,0.01617997947604411,0.37309000000000003,0.13197,0.22821519359468762,4.95,3.5410000000000004,44.33,0.0798782,1.0059913,0.03925117398506452,611712000,2171000064,3.5490559,67409,45748572199,29159746581,32206.3828866,1.4180000000000001,0.174,0.1447058,-0.0819422,0.1447058,-0.0819422,1.0996765,10.736546,0.29932142633256625,0.1100144,3.5668425999999998,0.273941858447358,0.42,0.42,1.9866000000024238e-05,4696382821.866667,5122050986.0,9.741235699999999,8.931690099999999,8.931690099999999,5.892331865845555e-05,0.9787761999999999,1.0334927999999999,1.0334927999999999,1.0176085,0.242051645530695,CHF,CHF,1.0794628000000002,1.0794628000000002,2.0,2.0,2.0,2.0,0.027822900000000005,38.0,58.46,53.08894300000001,-16.4986201,16.6578947,-24.1703729,0.6187683,0.6197683,0.011774721892653208,2.132193,2.0678074,0.2611509,0.0690345,0.32593099999999997,0.2611031,1.2839368,1.1885157,2.0778074,0.07903450000000001,0.2711031,1.1985157,1.6381616,0.22296769141201475,60601113556.18666,61506063203.52,61506063203.52,29107282616.88,28802442322.16,28802442322.16,0.13841810000000002,0.359646355886932,0.18203970000000003,0.24435442887091804,2459133333.333333,1716800000.0,1716800000.0,28500120773.97333,29781946866.88,29781946866.88,0.36767140000000004,0.08409918263051415,None
SWX:SIKA,SIKA N,Basic Materials,Switzerland,17453058809.2313,-1.1504406164146792,8338914897.768001,835712903.3413332,4003331722.1733327,9403848128.48,1126743270.64,13827486682.88,1126743270.64,13827486682.88,9403848128.48,8338914897.768001,835712903.3413332,9403848128.48,1126743270.64,1126743270.64,9403848128.48,5.642352099999999,5.642352099999999,0.2601662458164643,45.951725,45.951725,45.951725,4.9387739999999996,0.24981126727179498,45.951725,0.13612851746761498,29.1141912,28.789521999999998,0.00028789521999999997,1726689377.1829002,1765200000.0,1394360000.0,1765200000.0,0.11982000000000001,2.0592756999999997,20.1875,0.3150755,2.75,1.2938677,0.12803527192123915,0.5413399999999999,0.05529,0.09561277603887458,0.0,6.546,300.0,0.02182,11.606729,0.4528644923435162,141758000,1043800000,7.363252900000001,25274,49149958998,46443482888,41299.3590251,0.797,0.231,0.0927898,0.0440959,0.0927898,0.0440959,0.6209475,8.1300219,0.22665480604497945,0.184274,4.5427144,0.34889109632468085,74.0025988,74.0025988,0.003500322923244271,1294110379.5706663,811324240.4799999,37.9797271,60.57992170000001,60.57992170000001,0.0003996522484175069,2.0646361,1.8448779999999998,1.8448779999999998,1.3592628999999998,0.3233186649421899,CHF,CHF,1.0794628000000002,1.0794628000000002,2.5,2.3,2.05,1.85,0.27011009999999996,221.7,336.1,300.65424,-0.2176054,35.3179973,-10.7408509,1.3688811,6.579522900000001,0.12500163744070666,1.5363472,1.5428671999999999,0.0510442,0.0850739,0.3274329,0.31581079999999995,2.0254882,1.9430794999999998,1.5528672,0.09507389999999999,0.32581079999999996,1.9530794999999999,1.7529734000000001,0.23859455141951214,9841145705.178669,11099838396.251429,11099838396.251429,3271412765.261333,3847874686.136,3847874686.136,0.2015099,0.5235753215088206,0.3928222,0.5272907191608068,1758300000.0,1943214285.7142856,1943214285.7142856,6551641143.389333,7193601782.78857,7193601782.78857,2.681119,0.6132647696697143,None
SWX:SCHP,SCHINDLER PS,Industrials,Switzerland,837161693781.9921,-1.0646381022936904,11668345190.32,859108460.4266666,4828365140.213333,12042486996.8,905669289.2,10263532302.4,905669289.2,10263532302.4,12042486996.8,11668345190.32,859108460.4266666,12042486996.8,905669289.2,905669289.2,12042486996.8,2.5173072,2.5173072,0.11607187077012715,31.123919,28.291573,30.769875800000005,2.3465073,0.11869017741559303,30.769875800000005,0.09115343494322888,19.3785162,29.0677743,0.000290677743,724503786.0962565,0.0,1439533333.3333333,0.0,0.077,0.3350495,4.75,0.2082502,2.75,0.27195690000000006,0.026911619821993586,0.4208,1.23e-05,2.127034084424231e-05,8.78,7.981,249.0,0.032052199999999996,6.791709399999999,0.2649949033509516,40696400,859000000,21.1075181,67234,28079616690,28257782423,12776.273909,0.292,0.14400000000000002,-0.0969697,-0.0118719,-0.0969697,-0.0118719,0.1947576,4.663134599999999,0.13000233964002395,0.105032,3.4908646,0.2681065702512618,4.51,4.51,0.00021332300000026028,1454252284.1599998,363563071.04,19.3086282,77.23451290000001,77.23451290000001,0.0005095243749038378,1.7575797999999998,1.7956088,1.7956088,1.3410033000000001,0.3189753774925153,CHF,CHF,1.0794628000000002,1.0794628000000002,4.0,4.0,4.0,4.0,0.002012,231.8,306.6,278.14153999999996,-10.477234,7.4201898,-18.7866928,0.45989300000000005,0.46089300000000005,0.008756315702611145,1.5858818000000001,1.568185,0.0024551,0.29495920000000003,0.36782070000000006,1.0592883999999998,1.3547383999999998,1.3374866,1.578185,0.3049592,1.0692883999999998,1.3474866,1.4628358,0.19910436262261774,11369333994.72,12279680956.053331,12279680956.053331,4077850637.466666,4364196136.213333,4364196136.213333,0.1737535,0.4514569488932447,0.3075226,0.4127918761012008,1843933333.3333333,1940466666.6666667,1940466666.6666667,7171375129.706666,7830854936.319999,7830854936.319999,2.1680089,0.4958987194154347,None
SWX:SGSN,SGS N,Industrials,Switzerland,7901210304.168647,-0.9239888428163152,6548237237.36,603563633.5733334,2988096958.7733326,6528591014.4,627167886.8,10839965437.6,627167886.8,10839965437.6,6528591014.4,6548237237.36,603563633.5733334,6528591014.4,627167886.8,627167886.8,6528591014.4,4.11923,4.11923,0.1899357902096458,35.03127,35.03127,35.03127,3.3592462999999997,0.16991617257260372,35.03127,0.10377749366553131,20.287423899999997,19.6415817,0.00019641581699999998,1311497951.6867087,1395000000.0,1250800000.0,1395000000.0,0.09606,0.4226464,4.75,0.2509388,2.75,0.33693190000000006,0.03334125075959448,0.36804000000000003,0.18977,0.3281685026025905,0.0,77.388,2703.0,0.028630400000000004,23.567764,0.9195530867940311,7469240,581000000,77.7856917,92143,24912873394,21931144701,6305.4165807,0.591,0.168,-0.14322929999999998,-0.0827172,-0.14322929999999998,-0.0827172,0.4074427,6.633123599999999,0.18492316029682232,0.10532069999999999,3.495315,0.2684483713856416,85.9784027,85.9784027,0.004066778447714962,1239151330.2133336,1203601022.0,20.104786899999997,20.698614399999997,20.698614399999997,0.0001365509817766401,4.221153500000001,6.5398404999999995,6.5398404999999995,2.5583112,0.6085281675021454,CHF,CHF,1.0794628000000002,1.0794628000000002,80.0,80.0,78.0,75.0,0.09788789999999999,2253.0,2951.0,2809.7466,-3.799154,19.9733688,-8.4039309,1.2893983,4.5953915,0.08730594465764457,1.2823068000000002,1.169658,0.0101098,0.006149100000000001,1.1959197,1.2909662,1.4294068000000002,1.2470141000000001,1.179658,0.016149100000000003,1.3009662,1.2570141000000001,1.218336,0.16582586558258258,7099338978.8533325,7382661981.759998,7382661981.759998,1424243218.32,972380090.24,972380090.24,0.18495150000000002,0.480552275972737,0.7449821999999999,1.0,850866666.6666666,555200000.0,555200000.0,5592193017.493333,6312266669.28,6312266669.28,2.3876831000000003,0.5461458168644397,None
SWX:GIVN,GIVAUDAN N,Basic Materials,Switzerland,1238901926.6609573,-0.8285260807657471,6584219330.693333,777069287.6266668,6492033207.573333,6988442167.2,875444330.8,26248217444.8,875444330.8,26248217444.8,6988442167.2,6584219330.693333,777069287.6266668,6988442167.2,875444330.8,875444330.8,6988442167.2,7.3856845,7.3856845,0.3405504965118803,48.339405,36.008194,46.7980036,6.0159535,0.30429676832412067,46.7980036,0.13863555395389637,34.2772618,33.9696474,0.000339696474,1420503949.612647,1446000000.0,1280333333.3333333,1446000000.0,0.12527,4.3224238,36.9075,0.3722562,2.75,2.6042111,0.2577009042955546,0.33754,0.13996,0.24203226866342714,117.14,87.258,4287.0,0.0203541,10.658082,0.4158507443643742,9233590,811000000,87.83149350000001,16130,47817050906,42042143099,50278.983261,0.165,0.047,0.0388712,0.05937050000000001,0.0388712,0.05937050000000001,0.1334678,3.9033246,0.10881979052769798,0.0500926,2.4881379,0.19109481321079508,3.56,3.56,0.00016838800000020546,1173088206.8533332,1283481269.2,40.761684100000004,37.255745000000005,37.255745000000005,0.00024578015021962783,1.8565371,2.0912317,2.0912317,1.4471091999999999,0.3442140696767053,CHF,CHF,1.0794628000000002,1.0794628000000002,64.0,62.0,60.0,58.0,0.05305830000000001,3401.0,4683.0,4222.817,1.5199096,26.051161399999998,-8.4561179,1.3822153,6.9735538,0.13248766772752812,1.5587870000000001,1.4801999,0.0708294,0.04798909999999999,0.3250544,0.5110277,1.8850930000000001,1.5624008999999999,1.4901999,0.057989099999999995,0.5210277,1.5724008999999999,1.5313004,0.20842297551492764,10989722910.053331,12095596566.56,12095596566.56,3845622207.093333,3907223550.88,3907223550.88,0.1723771,0.44788070240349537,0.3240579,0.4349874399683644,1502866666.6666667,1254200000.0,1254200000.0,7125102157.679998,8172396966.24,8172396966.24,2.6859787,0.6143763513642099,None
SWX:NESN,NESTLE N,Consumer Defensive,Switzerland,327543388770.2461,-0.7195049224970533,95160402954.93332,12645402952.69333,86328598146.26666,92082494691.2,13270915663.2,316103409575.2,13270915663.2,316103409575.2,92082494691.2,95160402954.93332,12645402952.69333,92082494691.2,13270915663.2,13270915663.2,92082494691.2,4.467896499999999,4.467896499999999,0.2060126412709197,25.832188000000002,22.094117999999998,25.3649292,3.633145,0.18377041683466092,25.3649292,0.07514168853654606,22.6633215,22.344405,0.00022344405,17303999011.002617,17791000000.0,18430733333.33333,17791000000.0,0.14412,2.5018281000000004,17.8125,0.39245490000000005,2.75,1.5723346,0.1555910917802282,0.40044,0.0009699999999999999,0.0016774171234890277,5.1,4.362,112.12,0.03890469999999999,6.909492,0.2695904752261888,2750459904,12293999616,4.469797799999999,273000,381129032602,334549063059,45032.9656264,0.011000000000000001,0.015,0.11212939999999999,-0.0439825,0.11212939999999999,-0.0439825,0.0362824,2.1547929,0.060072921429227495,0.0002544,0.409488,0.031449636642752826,3.95,3.95,0.00018683500000022798,16077590907.386663,16041896670.8,23.7056058,23.758352300000002,23.758352300000002,0.00015673640125207105,1.549823,1.7503697,1.7503697,1.3240154,0.3149345807134879,CHF,CHF,1.0794628000000002,1.0794628000000002,2.75,2.7,2.45,2.35,0.0229927,95.0,117.44,112.47845,-0.3186833,18.0210526,-4.5299727999999995,1.5258466999999998,12.6201763,0.239765515869,1.6653006000000001,1.5810621999999999,0.5075510999999999,0.1797106,0.2077721,0.2826683,0.8686581,0.8146359999999999,1.5910621999999999,0.1897106,0.2926683,0.824636,1.2078491000000002,0.1643985095249942,137539680697.81332,136376739441.28,136376739441.28,53928666132.64,49283737704.24,49283737704.24,0.19731070000000003,0.5126647037670629,0.3692758,0.4956840579546733,-5293266666.666667,-7180400000.0,-7180400000.0,82660151766.74666,86264190199.2,86264190199.2,2.5695667999999996,0.5877489181766811,None
SWX:STMN,STRAUMANN N,Healthcare,Switzerland,26755895565038.25,-0.5804859693156843,1556652284.2935998,200149098.8113067,1611091752.2232,1949779682.5,385997546.4124,6820061082.8792,385997546.4124,6820061082.8792,1949779682.5,1556652284.2935998,200149098.8113067,1949779682.5,385997546.4124,385997546.4124,1949779682.5,15.954460199999998,15.954460199999998,0.7356527810914524,75.72105,76.56885,75.827025,14.935692000000001,0.7554717316688738,75.827025,0.22463183911441362,49.130669899999994,48.547885799999996,0.00048547885799999995,600810468.6909523,615064000.0,426614666.6666667,615064000.0,0.19797,0.11484870000000001,1.1875,0.509644,2.75,0.374195,0.03702863791759241,0.37761999999999996,0.3514,0.6076746156639632,22.15,22.398000000000003,1679.0,0.0133401,19.765287,0.7711902865379989,15906600,357583008,22.480166,8169,28817935255,29121308448,43773.1678296,-0.3693898,0.629,-0.3693898,0.0200613,-0.3693898,0.0200613,-0.3693898,0.213061,0.005939873253078122,0.4767653,7.1548196,0.5495068882713195,-205.2764504,487.1479403,0.023042097576218116,381277199.5163733,618114432.2964,75.58263459999999,46.622330299999994,46.622330299999994,0.0003075725192107446,0.904335,1.0712651000000002,1.0712651000000002,1.0360194,0.24643092168719435,CHF,CHF,1.0794628000000002,1.0794628000000002,5.75,5.75,5.25,5.25,0.6689861,892.6,1947.0,1519.7007,10.4822811,88.10217340000001,-13.7647663,1.491654,11.0156117,0.2092810559122769,2.1975599,1.9373692,0.005158,0.0050455,0.3920224,0.30608320000000006,2.6110606,2.9671252999999997,1.9473691999999998,0.015045500000000002,0.3160832,2.9771252999999995,2.4622472,0.33513273285718415,2545727490.126773,2983282194.8644,2983282194.8644,1336416325.8073337,1438326969.4715998,1438326969.4715998,0.2293869,0.5960070444053204,0.3683656,0.4944622837968478,589726866.6666666,875186400.0,875186400.0,1204737840.2567735,1539454067.07144,1539454067.07144,4.0274953,0.9212276581160169,None
SWX:ZURN,ZURICH INSURANCE N,Financial Services,Switzerland,9489312256.5477,-0.3515508946611273,61223133333.333336,3846400000.0,38516533333.333336,71343000000.0,4846000000.0,155192000000.0,4846000000.0,155192000000.0,71343000000.0,61223133333.333336,3846400000.0,71343000000.0,4846000000.0,4846000000.0,71343000000.0,0.8657292,0.8657292,0.039918373023493346,12.938348,11.578004,12.768305,0.8063489,0.04078644630675911,12.768305,0.03782513997514426,8.0668255,8.0052156,8.0052156e-05,7778189020.206077,7897000000.0,6467733333.333333,7897000000.0,0.06792999999999999,0.3042887,4.75,0.1781514,2.75,0.244484,0.02419302639705144,0.38271,0.00175,0.003026268006294638,33.46,29.941999999999997,386.9,0.0773895,1.5813471000000001,0.061700066544191016,148496000,4846000128,32.6338765,55000,61786866124,62098633495,88109.09323639999,0.857,0.55,0.023868900000000002,0.008847,0.023868900000000002,0.008847,0.6487172,8.3042984,0.2315134161190431,0.41471179999999996,6.6898118,0.5137932010666985,19.6823895,19.6823895,0.000930977023351136,5275133333.333333,3974000000.0,11.7128539,15.547777100000001,15.547777100000001,0.00010257035502093137,10.756505699999998,10.985710599999999,10.985710599999999,3.3154699,0.7886283821356532,USD,CHF,1.0,1.0794628000000002,20.0,20.0,19.0,18.0,0.22011979999999998,297.8,411.3,382.91125,1.0416905,29.919409,-5.9324094,1.5700441,14.978593300000002,0.28457210614137357,1.0973475000000001,1.0949441,1.360428,1.2151184,0.4992826,0.497526,1.3650213,1.5951351,1.1049441,1.2251184,0.507526,1.6051351,1.3550396,0.18443238529328235,423059533333.3333,442599800000.0,442599800000.0,35978666666.666664,36814000000.0,36814000000.0,0.1109489,0.2882742038408534,0.23163470000000003,0.31092648925034727,18547066666.666668,26189400000.0,26189400000.0,385495466666.6667,404226600000.0,404226600000.0,0.21831420000000004,0.04993601834854327,None
SWX:ALC,ALCON N,Healthcare,Switzerland,141210552235422.66,-0.33000386976965645,7052933333.333333,-471333333.3333333,7282666666.666667,7818000000.0,183000000.0,1820666666.6666667,183000000.0,1820666666.6666667,7818000000.0,7052933333.333333,-471333333.3333333,7818000000.0,183000000.0,183000000.0,7818000000.0,5.3886783,5.3886783,0.24846946421930086,210.95651,30.074378999999997,188.3462436,4.5615505999999995,0.23073069067554353,188.3462436,0.5579615327142183,23.2224832,22.9627894,0.000229627894,1855500396.039604,1897000000.0,1447733333.3333333,1897000000.0,0.02341,-0.0760086,1.0,0.050970999999999995,1.0,0.0349565,0.00345913649665634,0.5636399999999999,0.00057,0.0009856987220502535,2.42,0.345,73.24,0.004710499999999999,1.8706627,0.07298841163444511,490000000,183000000,0.37346940000000006,23000,42125602948,38496019164,7956.521739100001,-0.19518670000000002,0.738,-0.19518670000000002,-0.029600900000000003,-0.19518670000000002,-0.029600900000000003,-0.19518670000000002,0.2304813,0.006425529351709954,0.5460998,7.639856299999999,0.5867588418655638,5.92,5.92,0.00028001600000034164,917466666.6666666,1307000000.0,45.9151318,32.2307597,32.2307597,0.00021262978262167955,0.40277959999999996,0.4556906,0.4556906,0.6760486,0.16080710419451352,USD,CHF,1.0,1.0794628000000002,0.1,0.1,0.19,0.0,0.2844616,51.2,80.52,68.01521,7.6817965,43.046875,-9.041232,1.5034106000000003,11.5469084,0.21937494242596983,3.7945707000000004,3.1949727,0.0735561,0.1151057,0.6236933000000001,0.3974997,2.0317013999999998,2.3365088,3.2049727000000003,0.12510570000000001,0.4074997,2.3465088,2.7757407000000005,0.37780185778824865,27528800000.0,27605733333.33333,27605733333.33333,19739666666.666668,18964266666.666668,18964266666.666668,0.10662910000000002,0.2770502358181717,0.1096497,0.14718432198782738,2273133333.333333,2847133333.333333,2847133333.333333,7789133333.333333,8641466666.666666,8641466666.666666,1.8422775000000002,0.42139266728004143,None
SWX:SREN,SWISS RE N,Financial Services,Switzerland,3059054507531.4365,-0.10868251555447836,44045866666.66666,-186266666.6666667,31238466666.666668,47191000000.0,1303000000.0,114582000000.0,1303000000.0,114582000000.0,47191000000.0,44045866666.66666,-186266666.6666667,47191000000.0,1303000000.0,1303000000.0,47191000000.0,0.42962619999999996,0.42962619999999996,0.019809865385464594,19.516718,19.516718,19.516718,0.48963829999999997,0.024766706115284347,19.516718,0.05781680420427124,8.72098,8.721026400000001,8.721026400000002e-05,2323024759.0048275,2323000000.0,424466666.6666667,2323000000.0,0.027610000000000003,-0.0117806,1.0,0.10659949999999999,2.75,0.0771196,0.007631405402930449,0.25684,0.00302,0.005222473930862746,0.0,4.0969999999999995,80.36,0.050983099999999996,0.9704354,0.03786387489301914,288976000,1303000064,4.5090252,13605,20259268295,24942629951,95773.6173466,-0.3845728,0.203,-0.3845728,0.0069862,-0.3845728,0.0069862,-0.3845728,0.2115427,0.005897544954796651,0.1539966,4.1742396,0.32059136941690575,-50.7490814,1970.4790182999998,0.09320365756570372,4345800000.0,3598000000.0,4.6618040999999995,5.6307027000000005,5.6307027000000005,3.714635032658893e-05,6.1671059,6.4778137000000005,6.4778137000000005,2.5461549,0.6056366307091993,USD,CHF,1.0,1.0794628000000002,5.9,5.9,5.6,5.0,0.1421262,62.22,94.96,85.1131,-5.5844517,29.154612699999998,-15.374894699999999,1.1081246,1.8515337,0.03517652385960236,1.1670153,1.1557136000000001,0.8857023999999999,0.639578,0.8769386999999998,1.0714177,0.5619001,0.43709,1.1657136000000001,0.649578,1.0814177,0.44709,0.8064018000000001,0.10975812624132639,203527333333.3333,182610000000.0,182610000000.0,28271200000.0,24471000000.0,24471000000.0,0.1071354,0.2783657353806245,0.1532467,0.20570518329162768,-49346666666.66666,-60989200000.0,-60989200000.0,174596666666.66666,158017600000.0,158017600000.0,0.21819650000000002,0.04990909628227536,None
SWX:TEMN,TEMENOS N,Technology,Switzerland,2425407428782.417,0.22192458214731986,893588600.0,173300400.0,894082333.3333334,931839000.0,197149000.0,3844998000.0,197149000.0,3844998000.0,931839000.0,893588600.0,173300400.0,931839000.0,197149000.0,197149000.0,931839000.0,11.9129515,11.9129515,0.5493006840797152,51.555645,29.849885999999998,48.8424251,10.354242,0.523734496791885,48.8424251,0.14469199836101967,39.961712899999995,38.688968,0.00038688968,296681894.1112912,315580000.0,262994266.6666667,315580000.0,0.21156999999999998,0.9272653000000001,4.75,0.5191003,2.75,0.7184045,0.07109004692438171,0.63502,0.10305,0.17820395317066423,4.33,2.5069999999999997,129.95,0.019292,25.629585000000002,1.0,74649800,197148992,2.6409849,7227,11100715981,10415182145,27279.5062958,0.1,0.11599999999999999,0.033429900000000005,0.0153,0.033429900000000005,0.0153,0.0833575,3.1371692,0.0874603396279023,0.090825,3.2637188,0.2506612412674395,585.9394416,585.9394416,0.027714935587713818,361867466.6666667,415933000.0,30.6761923,26.6887118,26.6887118,0.00017606829753028297,3.6147576,4.2533916,4.2533916,2.0633752,0.4908010914877646,USD,CHF,1.0,1.0794628000000002,0.9,0.85,0.75,0.65,0.0647275,96.42,154.0,140.175,-7.2944534,34.774943,-15.6168831,1.1646405,2.4954641,0.04741029150829452,1.2856081,1.2457206,0.0,0.0,0.31996729999999995,0.3214192,0.8129571999999999,0.6040963,1.2557206,0.01,0.3314192,0.6140963,0.9349084999999999,0.12724897832208346,2108398066.6666667,2172144000.0,2172144000.0,462974333.3333333,425150266.6666667,425150266.6666667,0.1907624,0.4956505110259805,0.563716,0.7566838509698621,-117664466.6666667,-292744400.0,-292744400.0,1645423733.3333333,1746993733.3333333,1746993733.3333333,2.6025484,0.5952929523382899,None
SWX:LONN,LONZA N,Healthcare,Switzerland,7177595387669843.0,0.3115707924883916,4931273927.1466675,817297267.9733332,4829588531.386667,2743994437.6,344348633.2,22334085332.0,344348633.2,22334085332.0,2743994437.6,4931273927.1466675,817297267.9733332,2743994437.6,344348633.2,344348633.2,2743994437.6,12.2713331,12.2713331,0.5658254939088816,73.75827,73.75827,73.75827,10.854265,0.5490264780194214,73.75827,0.21850330854991976,39.5094179,42.5386917,0.000425386917,1294505092.6477418,1096000000.0,1399933333.3333333,1096000000.0,0.14790999999999999,0.8577466,4.75,0.3451023,2.75,0.6198716,0.061339678594846736,0.51875,0.00081,0.001400729762913518,0.0,9.523,695.0,0.013702200000000001,7.187222500000001,0.28042679973163825,74283104,550000000,7.4041063,14405,58987963403,56322540731,38181.187087800005,-0.331,0.133,0.21250059999999998,0.0032817,0.21250059999999998,0.0032817,-0.1951248,0.2304875,0.006425702199927925,0.10057039999999999,3.4212839999999995,0.2627626173457194,-378.00553010000004,264.5463942,0.012513044445675268,1148044669.8933332,1185250154.4,51.381244099999996,49.7683659,49.7683659,0.0003283272538795668,1.1360297,1.0824114,1.0824114,1.04139,0.24770838995469327,CHF,CHF,1.0794628000000002,1.0794628000000002,3.0,2.75,2.75,2.75,0.24107150000000002,516.2,785.4,654.3408,6.2137651,34.6377373,-11.510058599999999,1.3283804,5.4945829,0.10438931059176139,1.8909851000000002,1.9332776000000003,0.8620976999999999,1.8869504000000001,0.1372533,4.2476947,1.4105415000000001,1.6043488000000001,1.9432776000000003,1.8969504000000001,4.2576947,1.6143488000000001,1.7788131999999999,0.24211156741631498,15290158776.88,16207702156.88,16207702156.88,7129132152.133333,7746872730.48,7746872730.48,0.121246,0.31502875755314486,0.14445,0.19389725016248713,1194666666.6666667,1877600000.0,1877600000.0,8087047440.853332,8382892212.24,8382892212.24,2.5558414000000003,0.5846094438491244,None
SWX:SLHN,SWISS LIFE HOLDING AG N,Financial Services,Switzerland,160254799153.0171,0.39872792552563296,23688595253.44,1174671418.9599998,13682047061.626669,22796095410.4,1215475112.8,55203727592.0,1215475112.8,55203727592.0,22796095410.4,23688595253.44,1174671418.9599998,22796095410.4,1215475112.8,1215475112.8,22796095410.4,-2.0477409,0.6916549,0.03189188755759536,13.237599,13.237599,13.237599,0.6916220999999999,0.03498337710415178,13.237599,0.039215388033872124,-23.1015834,1.2109575000000001,1.2109575000000002e-05,617745672.0880191,1918000000.0,1706066666.6666667,1918000000.0,0.053320000000000006,0.2316908,4.75,0.1457716,2.75,0.1916609,0.01896589229962957,0.30679,0.00442,0.007643488335898457,0.0,35.724000000000004,474.6,0.07527180000000001,0.8987879999999999,0.035068378984677274,30886800,1126000000,36.4557028,8623,15767030622,15767030622,130581.00429089999,0.15,-0.048,-0.0304686,0.010565399999999999,-0.0304686,0.010565399999999999,0.1048828,3.4885620000000004,0.09725672983560915,-0.0333586,0.2466641,0.01894438009859055,126.21320049999999,126.21320049999999,0.005969884383657284,1258941481.5466664,1116164535.2,12.5240377,14.126081,14.126081,9.319127319007121e-05,12.9096781,13.5244758,13.5244758,3.6785638,0.8749950702845412,CHF,CHF,1.0794628000000002,1.0794628000000002,21.0,5.0,15.0,16.5,0.35755149999999997,299.9,494.7,467.13027999999997,1.5990657,58.252750899999995,-4.0630685,1.7936345,33.2968913,0.6325938821772654,1.0778958,1.0744292,7.436287400000001,6.2080416,0.3293008,0.3330017,3.4601919000000003,7.367986200000001,1.0844292,6.218041599999999,0.3430017,7.3779862000000005,4.231207700000001,0.5759032642162658,248380360285.54666,258759754928.48,258759754928.48,17856401673.413334,17816749406.56,17816749406.56,0.1046973,0.272030915149109,0.16822089999999998,0.22580526085052768,43151066666.66666,55550800000.0,55550800000.0,230426087318.26666,240837434060.08,240837434060.08,0.1728873,0.03954531306268719,None
SWX:AMS,AMS,Technology,Austria,2.699310079395824e+21,1.1636572152133664,3046923786.6,105830881.32,1024746759.48,5962924800.0,-181711800.0,4086779400.0,-181711800.0,4086779400.0,5962924800.0,3046923786.6,105830881.32,5962924800.0,-181711800.0,-181711800.0,5962924800.0,1.3741561000000002,1.3741561000000002,0.06336170224165805,383.25055580000003,17.736843,337.5613417,0.8523785,0.04311469876536803,337.5613417,1.0,6.7887414999999995,6.7469225999999995,6.746922599999999e-05,1055990114.1675943,1069000000.0,579685333.3333334,1069000000.0,-0.03047,0.2426417,7.77,-0.0637002,1.0,0.1308466,0.012947985339590446,0.5302,1.23e-05,2.127034084424231e-05,0.95,-0.659,16.91,-0.038971,1.5555761000000001,0.06069454889729974,260671008,-160000000,-0.6138005,26240,7080523211,4741331675,-6097.5609756,0.0679309,1.964,0.0679309,0.6313621,0.0679309,0.6313621,0.0679309,2.8563563999999997,0.07963163123057956,1.6308405000000001,13.0204366,1.0,-4.73,21141.649048599997,1.0,681111767.4,913188600.0,10.3955379,7.753626400000001,7.753626400000001,5.115150593120261e-05,2.0625529,2.2642792000000003,2.2642792000000003,1.5057521999999999,0.35816308312230505,EUR,CHF,1.1574,1.0794628000000002,0.223032,0.202757,0.34468699999999997,0.223032,-0.2647826,15.215,24.83,17.817781,-5.0948039000000005,11.140322099999999,-31.8968989,0.3525741,0.3535741,0.00671740825715861,1.495064,1.4497662,0.36955809999999994,0.0476029,0.7010895,0.5256523,1.1389128000000002,1.1144899,1.4597662,0.0576029,0.5356523,1.1244899,1.2921280000000002,0.1758695828108923,8322970112.28,11281795080.0,11281795080.0,2691351602.4,3455301960.0,3455301960.0,8.39e-05,0.0002179941009081442,4.74e-05,6.362568125788778e-05,157403333.3333333,331133333.3333333,331133333.3333333,5669272589.88,7798792680.0,7798792680.0,0.43614189999999997,0.09976075729828164,None
SWX:CSGN,CS GROUP N,Financial Services,Switzerland,528302987244279.3,1.6018599971798182,22678002180.08,2741331762.6933336,33400522065.04,19640825646.0,209415783.2,141933166258.0,209415783.2,141933166258.0,19640825646.0,22678002180.08,2741331762.6933336,19640825646.0,209415783.2,209415783.2,19640825646.0,-3.3830364,1.2690476000000002,0.05851519791797363,121.21518999999999,6.65,106.8945413,1.2690476000000002,0.0641905033889443,106.8945413,0.31666701157681765,0.0,100000.0,1.0,0.0,1390000000.0,1235533333.3333333,1390000000.0,0.01066,0.13000430000000002,1.0,0.0024995,1.0,0.08769099999999999,0.008677503140425702,0.44267,0.00072,0.0012450931225897939,1.44,0.079,9.666,0.008173,0.5298512,0.020673420970335647,2411269888,194000000,0.0804555,49240,24925142999,24925142999,3939.8862713,-0.782,-0.13,0.2144299,-3.84e-05,0.2144299,-3.84e-05,-0.5328925,0.19671070000000002,0.005484047411418677,-0.0975096,0.240249,0.018451685406616857,0.47,0.47,2.2231000000027123e-05,-7812719961.28,18044300164.8,3134.4734759,1.3813305,1.3813305,9.11278563327491e-06,17.4773568,17.5510063,17.5510063,4.1903921,0.996740203353082,CHF,CHF,1.0794628000000002,1.0794628000000002,0.1,0.1388,0.1388,0.2776,0.0037383000000000004,8.5,13.5,9.552789,1.1851094,13.717647099999999,-28.4,0.4664,0.4674,0.008879939507435455,1.0575235,1.0573799,0.5302733000000001,1.4989631,0.2797657,0.08749030000000001,1.7631269,4.3633039,1.0673799,1.5089631000000001,0.0974903,4.373303900000001,2.7203418999999998,0.37026161112211015,858523895338.3733,878892278911.5734,878892278911.5734,46470009969.76,47359199460.21333,47359199460.21333,0.1002383,0.26044526919023636,0.10442190000000001,0.14016697311694162,292122400000.0,561891133333.3334,561891133333.3334,811847132260.32,831221906308.2133,831221906308.2133,0.2584018,0.05910544081006461,None
SWX:UBSG,UBS GROUP N,Financial Services,Switzerland,2.6393866029678582e+23,1.7843730975985177,31017133333.333324,5311533333.333333,35568266666.666664,34690000000.0,7559000000.0,157337000000.0,7559000000.0,157337000000.0,34690000000.0,31017133333.333324,5311533333.333333,34690000000.0,7559000000.0,7559000000.0,34690000000.0,1.233826,1.233826,0.056891146231506,8.148635,8.571824000000001,8.2015336,1.5550111999999998,0.07865501002755636,8.2015336,0.0242964243437832,0.0,100000.0,1.0,0.0,1318000000.0,1385266666.6666667,1318000000.0,0.21795,3.3458294,17.8125,0.5999156999999999,2.75,2.1244427000000004,0.2102252021405214,0.54289,0.000442,0.0007643488335898457,0.18100000000000002,1.9040000000000001,15.625,0.12185599999999999,0.9178844,0.035813471033573116,3476549888,7560000000,2.1745697,71304,42793171207,58224789490,106024.9074386,0.628,0.207,0.8086361,0.058404899999999996,0.8086361,0.058404899999999996,0.6731590000000001,8.4546269,0.23570438601182192,0.1698512,4.371301,0.33572614608023205,12.1836496,12.1836496,0.0005762866260807032,-8827400000.0,-37037000000.0,2062.8057587000003,11554.1677802,11554.1677802,0.07622408551165301,17.460242800000003,17.6660207,17.6660207,4.2040966,1.0,USD,CHF,1.0,1.0794628000000002,0.37,0.365,0.73,0.35208,0.46782529999999994,10.19,15.805,14.654613000000001,6.621716999999999,53.33660450000001,-2.0784561999999998,1.935886,52.635493700000005,1.0,1.057563,1.0569110000000002,0.6243791,1.0935127,10.961514999999999,12.112416099999999,0.6763720999999999,0.6987561,1.0669110000000002,1.1035127,12.122416099999999,0.7087561,0.8878334999999999,0.1208416714524678,1050076866666.6666,1095978866666.6666,1095978866666.6666,56794333333.333336,58704333333.333336,58704333333.333336,0.106897,0.27774630994967686,0.22876390000000002,0.30707297436099823,-267473266666.66666,-252937333333.3333,-252937333333.3333,993038600000.0,1036979133333.3334,1036979133333.3334,1e-05,2.2873463269243715e-06,None
SWX:BAER,JULIUS BAER N,Financial Services,Switzerland,2.2107780503099813e+22,2.903502100034399,3755371920.5946665,692209118.7093332,7249708146.893332,4021322768.84,877495310.12,30528503339.36,877495310.12,30528503339.36,4021322768.84,3755371920.5946665,692209118.7093332,4021322768.84,877495310.12,877495310.12,4021322768.84,-0.21805149999999998,3.5827339,0.1651982031611214,16.626825,16.626825,16.626825,3.5827339,0.1812205409392332,16.626825,0.04925571428370703,0.0,100000.0,1.0,0.0,176000000.0,162006666.6666667,176000000.0,0.21821,6.841342999999999,36.9075,0.7344741,2.75,4.1603615,0.41169048113895595,0.5865,0.00231,0.0039946737683089215,0.0,3.765,63.06,0.059704999999999994,2.0090504,0.07838794112351019,213207008,812899968,3.8127263,6667,14407329469,14407329469,121928.89875510002,0.23399999999999999,0.077,0.1877679,0.040180900000000006,0.1877679,0.040180900000000006,0.222442,4.9663754,0.13845631252648377,0.0677952,2.8537517000000006,0.21917480862354496,74.7467972,74.7467972,0.003535523507564314,1575943723.813333,-950466995.4,9.142033,151581.5860911,151581.5860911,1.0,15.851975099999999,15.922348300000001,15.922348300000001,3.9912817000000005,0.9493791603171061,CHF,CHF,1.0794628000000002,1.0794628000000002,1.75,0.75,0.75,0.75,0.5217181,39.63,64.12,60.601128,4.057469,59.121877399999995,-1.6531503,1.9134341000000001,49.0773376,0.9324000622036532,1.0631894,1.0628839,3.6908538,1.0863191,117.28389170000001,82.6265689,0.4778674,0.46738450000000004,1.0728839,1.0963191,82.6365689,0.47738450000000004,0.7751342,0.10550234061676143,114059709621.52,121644706110.512,121644706110.512,6766785275.848001,7188099606.688001,7188099606.688001,0.10721359999999999,0.2785689193936282,0.2220761,0.2980958471222534,-46033686666.66666,-45930040000.0,-45930040000.0,107282928520.144,114447582194.816,114447582194.816,0.0017123000000000002,0.00039166231155926014,None
